Dates,Count,GridPower[W],In12Power[W],In1Power[W],In2Power[W],GridPower_max[W],In1Power_max[W],In2Power_max[W],GridPower_std[W],In1Power_std[W],In2Power_std[W]
2023-10-12 04:43:00,20,0.0,0.0,0.0,0.0,0.0,0.0,0.0,0.0,0.0,0.0
2023-10-12 04:44:00,60,0.0,0.0,0.0,0.0,0.0,0.0,0.0,0.0,0.0,0.0
2023-10-12 04:45:00,60,0.0,0.0,0.0,0.0,0.0,0.0,0.0,0.0,0.0,0.0
2023-10-12 04:46:00,60,0.0,0.0,0.0,0.0,0.0,0.0,0.0,0.0,0.0,0.0
2023-10-12 04:47:00,60,0.0,0.0,0.0,0.0,0.0,0.0,0.0,0.0,0.0,0.0
2023-10-12 04:48:00,60,0.0,0.0,0.0,0.0,0.0,0.0,0.0,0.0,0.0,0.0
2023-10-12 04:49:00,60,0.0,0.0,0.0,0.0,0.0,0.0,0.0,0.0,0.0,0.0
2023-10-12 04:50:00,60,0.0,0.0,0.0,0.0,0.0,-0.0,0.0,0.0,0.0,0.0
2023-10-12 04:51:00,60,0.0,0.0,0.0,0.0,0.0,-0.0,0.0,0.0,0.0,0.0
2023-10-12 04:52:00,60,0.0,0.0,0.0,0.0,0.0,-0.0,0.0,0.0,0.0,0.0
2023-10-12 04:53:00,60,0.0,0.0,0.0,0.0,0.0,0.0,0.0,0.0,0.0,0.0
2023-10-12 04:54:00,60,0.0,0.0,0.0,0.0,0.0,0.0,0.0,0.0,0.0,0.0
2023-10-12 04:55:00,60,0.0,0.0,0.0,0.0,0.0,-0.0,0.0,0.0,0.0,0.0
2023-10-12 04:56:00,60,0.0,0.0,0.0,0.0,0.0,-0.0,0.0,0.0,0.0,0.0
2023-10-12 04:57:00,60,0.0,0.0,0.0,0.0,0.0,-0.0,0.0,0.0,0.0,0.0
2023-10-12 04:58:00,60,0.0,0.0,0.0,0.0,0.0,-0.0,0.0,0.0,0.0,0.0
2023-10-12 04:59:00,60,0.0,0.0,0.0,0.0,0.0,-0.0,0.0,0.0,0.0,0.0
2023-10-12 05:00:00,60,0.0,0.0,0.0,0.0,0.0,-0.0,0.0,0.0,0.0,0.0
2023-10-12 05:01:00,60,0.0,0.0,0.0,0.0,0.0,-0.0,0.0,0.0,0.0,0.0
2023-10-12 05:02:00,59,0.0,0.0,0.0,0.0,0.0,-0.0,0.0,0.0,0.0,0.0
2023-10-12 05:03:00,60,0.0,0.0,0.0,0.0,0.0,-0.0,0.0,0.0,0.0,0.0
2023-10-12 05:04:00,60,0.0,0.0,0.0,0.0,0.0,-0.0,0.0,0.0,0.0,0.0
2023-10-12 05:05:00,59,0.0,0.0,0.0,0.0,0.0,-0.0,0.0,0.0,0.0,0.0
2023-10-12 05:06:00,60,0.0,0.0,0.0,0.0,0.0,-0.0,0.0,0.0,0.0,0.0
2023-10-12 05:07:00,60,0.0,0.0,0.0,0.0,0.0,-0.0,0.0,0.0,0.0,0.0
2023-10-12 05:08:00,60,0.0,0.0,0.0,0.0,0.0,-0.0,0.0,0.0,0.0,0.0
2023-10-12 05:09:00,60,0.0,0.0,0.0,0.0,0.0,-0.0,0.0,0.0,0.0,0.0
2023-10-12 05:10:00,60,0.0,0.0,0.0,0.0,0.0,-0.0,0.0,0.0,0.0,0.0
2023-10-12 05:11:00,60,0.0,0.0,0.0,0.0,0.0,-0.0,0.0,0.0,0.0,0.0
2023-10-12 05:12:00,60,0.0,0.0,0.0,0.0,0.0,-0.0,0.0,0.0,0.0,0.0
2023-10-12 05:13:00,60,0.0,0.0,0.0,0.0,0.0,-0.0,0.0,0.0,0.0,0.0
2023-10-12 05:14:00,60,0.0,0.0,0.0,0.0,0.0,-0.0,0.0,0.0,0.0,0.0
2023-10-12 05:15:00,60,0.0,0.0,0.0,0.0,0.0,-0.0,0.0,0.0,0.0,0.0
2023-10-12 05:16:00,60,0.0,0.0,0.0,0.0,0.0,-0.0,0.0,0.0,0.0,0.0
2023-10-12 05:17:00,60,0.0,0.0,0.0,0.0,0.0,-0.0,0.0,0.0,0.0,0.0
2023-10-12 05:18:00,60,0.0,0.0,0.0,0.0,0.0,-0.0,0.0,0.0,0.0,0.0
2023-10-12 05:19:00,60,0.0,0.0,0.0,0.0,0.0,-0.0,0.0,0.0,0.0,0.0
2023-10-12 05:20:00,60,0.0,0.0,0.0,0.0,0.0,-0.0,0.0,0.0,0.0,0.0
2023-10-12 05:21:00,60,0.0,0.0,0.0,0.0,0.0,-0.0,0.0,0.0,0.0,0.0
2023-10-12 05:22:00,60,0.0,0.0,0.0,0.0,0.0,-0.0,0.0,0.0,0.0,0.0
2023-10-12 05:23:00,60,0.0,0.0,0.0,0.0,0.0,-0.0,0.0,0.0,0.0,0.0
2023-10-12 05:24:00,59,0.0,0.0,0.0,0.0,0.0,-0.0,0.0,0.0,0.0,0.0
2023-10-12 05:25:00,60,0.0,0.0,0.0,0.0,0.0,-0.0,0.0,0.0,0.0,0.0
2023-10-12 05:26:00,60,0.0,0.0,0.0,0.0,0.0,-0.0,0.0,0.0,0.0,0.0
2023-10-12 05:27:00,60,0.0,0.0,0.0,0.0,0.0,-0.0,0.0,0.0,0.0,0.0
2023-10-12 05:28:00,60,0.0,0.0,0.0,0.0,0.0,0.0,0.0,0.0,0.0,0.0
2023-10-12 05:29:00,60,0.0,0.0,0.0,0.0,0.0,-0.0,0.0,0.0,0.0,0.0
2023-10-12 05:30:00,60,0.0,0.0,0.0,0.0,0.0,-0.0,0.0,0.0,0.0,0.0
2023-10-12 05:31:00,60,0.0,0.0,0.0,0.0,0.0,0.0,0.0,0.0,0.0,0.0
2023-10-12 05:32:00,60,0.0,0.0,0.0,0.0,0.0,-0.0,0.0,0.0,0.0,0.0
2023-10-12 05:33:00,60,10.5,10.3,4.8,5.4,41.7,20.7,22.2,13.4,6.5,7.1
2023-10-12 05:34:00,60,7.9,8.2,3.7,4.5,23.4,11.1,13.0,5.5,2.8,3.4
2023-10-12 05:35:00,59,12.6,12.4,5.7,6.7,28.6,13.4,17.7,7.1,3.3,3.9
2023-10-12 05:36:00,60,37.5,38.4,18.9,19.5,54.7,36.5,31.1,9.6,6.1,6.0
2023-10-12 05:37:00,60,63.4,65.0,29.6,35.4,80.8,50.0,53.9,7.8,7.3,8.7
2023-10-12 05:38:00,60,77.8,81.5,38.5,43.0,91.3,54.5,58.9,7.1,7.4,7.2
2023-10-12 05:39:00,60,53.2,54.3,25.6,28.7,63.9,41.4,42.6,6.6,5.4,6.9
2023-10-12 05:40:00,60,75.7,77.9,35.2,42.8,97.8,53.3,66.7,10.3,8.7,9.3
2023-10-12 05:41:00,60,74.9,78.1,36.3,41.9,97.8,56.8,69.8,11.2,7.8,10.3
2023-10-12 05:42:00,60,59.3,60.5,27.6,32.9,75.6,40.9,49.7,6.3,5.5,6.6
2023-10-12 05:43:00,60,83.7,87.2,39.8,47.4,109.5,60.7,72.6,10.9,9.4,8.9
2023-10-12 05:44:00,60,131.4,135.4,62.5,72.9,152.6,76.0,87.5,14.9,8.3,9.1
2023-10-12 05:45:00,60,114.3,118.3,55.2,63.2,140.9,69.1,77.6,10.3,6.0,6.4
2023-10-12 05:46:00,60,92.4,95.5,43.5,52.0,110.8,56.1,65.5,9.3,7.0,6.1
2023-10-12 05:47:00,60,100.9,103.9,47.9,56.0,129.1,62.5,72.2,14.5,8.9,9.7
2023-10-12 05:48:00,60,127.4,130.1,60.9,69.2,142.2,69.4,80.2,14.5,7.3,6.5
2023-10-12 05:49:00,60,102.9,106.2,48.8,57.4,127.8,60.2,70.2,10.4,5.0,5.4
2023-10-12 05:50:00,60,145.6,149.0,69.3,79.7,169.6,84.4,96.9,13.0,6.6,7.3
2023-10-12 05:51:00,59,183.8,189.6,88.5,101.2,197.0,100.2,110.6,8.5,5.2,5.6
2023-10-12 05:52:00,60,177.1,183.7,85.8,97.9,198.3,99.4,111.8,17.5,9.0,9.8
2023-10-12 05:53:00,60,128.8,132.5,61.0,71.5,153.9,75.0,87.9,10.6,4.8,6.0
2023-10-12 05:54:00,60,188.1,193.6,90.5,103.0,217.9,113.3,126.5,15.9,8.9,8.9
2023-10-12 05:55:00,60,285.0,293.0,137.9,155.1,327.5,162.1,181.7,35.6,17.7,20.5
2023-10-12 05:56:00,60,283.4,292.4,136.9,155.5,321.0,155.2,177.4,15.6,8.0,9.0
2023-10-12 05:57:00,60,368.0,377.8,177.1,200.7,422.8,204.2,231.7,30.5,14.6,17.2
2023-10-12 05:58:00,60,367.1,379.9,177.2,202.8,430.6,205.7,237.1,48.5,23.8,26.0
2023-10-12 05:59:00,60,270.9,280.7,131.2,149.5,290.9,141.0,162.2,9.3,5.1,7.0
2023-10-12 06:00:00,60,238.2,246.3,115.5,130.8,262.2,130.2,151.3,17.1,9.1,10.2
2023-10-12 06:01:00,60,202.5,208.8,97.7,111.1,217.9,109.8,125.1,7.1,5.5,5.6
2023-10-12 06:02:00,60,230.5,237.6,110.2,127.4,241.4,120.2,138.0,6.1,5.9,5.6
2023-10-12 06:03:00,60,252.4,260.2,121.0,139.2,280.5,140.8,157.2,14.9,8.5,7.5
2023-10-12 06:04:00,60,259.5,268.8,126.4,142.4,283.1,143.0,159.9,15.4,8.9,9.2
2023-10-12 06:05:00,60,230.2,237.5,111.1,126.4,241.4,119.9,138.8,4.7,4.7,5.5
2023-10-12 06:06:00,60,238.4,245.1,113.8,131.2,249.2,124.2,141.3,3.5,5.3,5.1
2023-10-12 06:07:00,60,266.7,273.9,127.2,146.7,298.8,144.9,163.3,16.4,9.1,9.5
2023-10-12 06:08:00,60,301.8,310.6,146.0,164.5,315.7,158.7,175.3,11.0,5.5,5.9
2023-10-12 06:09:00,60,255.2,263.4,122.8,140.5,274.0,136.0,156.7,7.0,4.6,5.6
2023-10-12 06:10:00,60,256.8,263.9,123.0,140.9,271.4,136.9,155.2,6.8,6.0,5.4
2023-10-12 06:11:00,60,275.3,283.7,134.4,149.3,289.6,144.5,161.2,6.4,5.0,5.5
2023-10-12 06:12:00,59,296.8,305.0,143.2,161.8,336.6,164.6,186.8,18.8,8.5,11.0
2023-10-12 06:13:00,60,349.7,360.6,169.9,190.8,361.4,177.9,198.6,7.4,4.4,3.7
2023-10-12 06:14:00,60,344.4,355.1,168.6,186.5,361.4,180.8,195.5,9.3,5.2,5.0
2023-10-12 06:15:00,60,327.9,337.7,159.3,178.4,340.5,171.6,186.5,5.7,4.9,3.5
2023-10-12 06:16:00,60,291.3,301.0,141.6,159.5,326.2,160.2,179.3,19.4,10.6,10.8
2023-10-12 06:17:00,60,281.4,289.7,136.2,153.5,317.0,153.6,177.5,15.0,7.0,9.1
2023-10-12 06:18:00,60,351.4,359.4,168.6,190.7,378.4,181.4,206.5,15.4,8.6,9.1
2023-10-12 06:19:00,60,362.8,374.5,180.2,194.3,383.6,190.8,209.0,18.1,8.3,10.8
2023-10-12 06:20:00,60,285.4,294.6,139.4,155.2,317.0,156.6,177.0,8.8,4.5,6.1
2023-10-12 06:21:00,60,287.3,296.2,143.0,153.2,301.4,151.7,162.0,7.9,5.4,3.8
2023-10-12 06:22:00,60,277.1,285.0,136.6,148.4,293.6,148.2,160.0,10.1,8.2,5.0
2023-10-12 06:23:00,60,284.2,293.5,141.4,152.1,301.4,155.8,162.7,12.1,10.3,4.7
2023-10-12 06:24:00,60,292.4,301.0,144.3,156.7,318.4,165.8,168.1,15.4,11.4,5.7
2023-10-12 06:25:00,60,347.1,356.6,171.8,184.7,378.4,191.3,202.6,20.7,11.1,11.6
2023-10-12 06:26:00,60,451.9,464.4,225.2,239.2,480.2,241.9,253.0,30.7,19.5,14.2
2023-10-12 06:27:00,60,412.6,426.5,206.0,220.6,467.1,236.9,247.3,18.6,10.7,10.9
2023-10-12 06:28:00,60,399.7,411.3,201.6,209.7,434.5,220.7,223.8,17.3,11.1,6.9
2023-10-12 06:29:00,60,459.3,472.7,234.3,238.4,473.7,242.3,246.0,10.6,5.7,5.6
2023-10-12 06:30:00,59,507.4,522.4,256.9,265.5,541.5,275.9,282.4,27.2,14.6,14.2
2023-10-12 06:31:00,60,447.9,463.5,222.8,240.6,516.7,264.5,274.9,27.6,16.2,14.0
2023-10-12 06:32:00,60,411.4,423.8,205.9,217.9,426.7,215.1,226.3,10.6,6.5,5.1
2023-10-12 06:33:00,59,410.4,422.2,205.2,217.0,424.1,214.3,223.5,11.6,8.1,3.4
2023-10-12 06:34:00,60,383.8,396.1,196.3,199.8,411.0,207.4,214.3,9.9,4.6,6.2
2023-10-12 06:35:00,59,374.0,385.3,190.7,194.7,382.3,195.8,200.8,4.5,2.5,3.0
2023-10-12 06:36:00,60,390.0,401.2,197.3,204.0,409.7,204.3,212.7,8.6,4.5,4.6
2023-10-12 06:37:00,60,423.1,435.9,213.1,222.7,433.2,218.5,228.9,7.4,3.7,4.4
2023-10-12 06:38:00,59,436.9,450.2,218.2,231.9,448.9,223.4,237.9,7.1,3.1,3.5
2023-10-12 06:39:00,60,464.1,477.6,230.5,247.2,493.2,244.8,262.2,13.6,6.9,6.9
2023-10-12 06:40:00,60,616.3,631.2,305.3,325.9,820.8,404.9,437.3,98.4,48.3,51.2
2023-10-12 06:41:00,60,1033.4,1062.5,512.0,550.5,1122.3,558.6,599.9,82.9,42.2,46.7
2023-10-12 06:42:00,60,897.9,929.4,443.8,485.6,1077.9,541.9,581.5,111.6,58.3,58.8
2023-10-12 06:43:00,60,781.5,808.4,382.6,425.8,827.4,406.8,450.7,54.7,25.3,26.8
2023-10-12 06:44:00,60,639.7,658.0,308.1,349.8,696.8,328.6,380.2,33.8,16.3,17.4
2023-10-12 06:45:00,60,1014.3,1038.2,490.0,548.2,1273.7,619.8,691.9,150.4,74.8,82.1
2023-10-12 06:46:00,60,1163.9,1203.0,566.9,636.1,1293.3,631.3,702.0,74.7,38.0,38.3
2023-10-12 06:47:00,60,848.8,878.8,412.2,466.6,1029.6,499.2,568.1,110.4,52.3,62.0
2023-10-12 06:48:00,60,910.1,933.9,438.6,495.3,1111.9,536.2,610.1,136.8,65.3,75.5
2023-10-12 06:49:00,60,1088.2,1123.2,525.5,597.7,1143.2,548.9,629.6,65.1,28.8,36.9
2023-10-12 06:50:00,60,793.8,822.0,387.4,434.6,929.2,456.0,509.3,89.9,44.1,48.6
2023-10-12 06:51:00,60,678.1,698.7,327.9,370.8,733.4,356.2,401.6,22.4,10.3,13.1
2023-10-12 06:52:00,60,810.2,829.6,386.6,442.9,1096.2,522.6,600.0,140.1,65.3,76.3
2023-10-12 06:53:00,60,1235.4,1270.7,596.3,674.4,1337.7,645.5,728.2,62.7,32.7,33.7
2023-10-12 06:54:00,61,1024.7,1061.5,503.9,557.6,1308.9,645.0,719.3,88.9,47.4,49.4
2023-10-12 06:55:00,60,816.0,844.1,399.2,444.9,901.7,442.6,492.9,52.6,26.2,28.3
2023-10-12 06:56:00,60,647.1,668.2,313.9,354.4,712.5,349.0,391.7,26.0,13.9,14.5
2023-10-12 06:57:00,60,684.0,704.9,325.1,379.9,793.4,378.5,441.6,51.7,22.8,31.1
2023-10-12 06:58:00,60,475.6,495.2,225.9,269.2,733.4,342.4,415.4,134.5,62.2,79.1
2023-10-12 06:59:00,59,375.9,387.2,178.4,208.9,447.6,210.4,253.5,23.8,10.7,14.6
2023-10-12 07:00:00,61,402.2,414.0,192.0,222.1,507.6,240.6,282.7,26.8,11.6,15.6
2023-10-12 07:01:00,60,531.0,546.2,251.9,294.3,634.2,297.8,357.7,52.9,26.2,30.6
2023-10-12 07:02:00,59,603.0,619.4,290.3,329.1,720.3,346.7,392.1,49.9,23.4,26.7
2023-10-12 07:03:00,60,804.8,828.7,389.7,439.1,844.3,411.1,462.2,37.0,18.7,20.7
2023-10-12 07:04:00,60,834.1,860.3,403.3,457.0,965.7,455.4,541.4,39.2,17.5,24.2
2023-10-12 07:05:00,60,1164.4,1188.4,536.8,651.6,1740.9,764.6,1041.6,294.4,115.3,183.5
2023-10-12 07:06:00,60,1965.4,2021.3,843.3,1178.1,2073.8,894.9,1261.6,104.5,35.5,81.1
2023-10-12 07:07:00,60,1689.0,1741.4,679.2,1062.2,1861.0,780.2,1160.2,112.1,43.5,87.2
2023-10-12 07:08:00,60,1162.4,1208.6,506.0,702.6,1678.3,649.5,1088.8,298.8,91.1,225.8
2023-10-12 07:09:00,60,672.1,693.6,325.3,368.3,722.9,360.0,407.9,18.2,9.6,11.1
2023-10-12 07:10:00,60,668.4,690.4,323.3,367.0,716.4,345.5,393.9,29.3,13.8,16.2
2023-10-12 07:11:00,60,747.6,766.5,358.2,408.3,1007.5,482.2,557.9,91.1,42.1,49.8
2023-10-12 07:12:00,60,843.3,871.9,410.8,461.1,950.0,463.0,528.9,40.2,21.0,22.1
2023-10-12 07:13:00,60,684.9,709.1,331.0,378.1,807.8,385.2,448.9,89.5,40.1,50.7
2023-10-12 07:14:00,60,478.3,494.6,232.7,261.9,546.8,265.6,299.0,38.0,18.7,20.5
2023-10-12 07:15:00,59,382.2,394.6,185.4,209.2,421.5,202.5,232.0,16.5,8.1,9.5
2023-10-12 07:16:00,60,340.8,351.4,164.2,187.2,360.1,176.5,198.4,8.5,5.3,4.6
2023-10-12 07:17:00,60,418.0,429.3,201.2,228.1,510.2,243.6,277.3,44.7,21.7,24.0
2023-10-12 07:18:00,60,611.3,627.7,296.0,331.7,722.9,355.4,395.2,70.1,34.2,37.2
2023-10-12 07:19:00,60,720.5,744.4,350.2,394.3,785.6,381.5,429.5,60.2,29.1,30.8
2023-10-12 07:20:00,60,532.3,549.0,256.3,292.7,589.8,286.5,326.9,18.4,9.5,10.6
2023-10-12 07:21:00,60,635.4,653.2,306.9,346.3,700.8,342.8,383.2,51.7,26.4,27.6
2023-10-12 07:22:00,60,691.9,712.7,333.2,379.4,783.0,376.8,431.6,38.6,16.9,22.0
2023-10-12 07:23:00,59,722.5,746.1,350.1,395.9,767.3,370.6,421.9,31.5,15.1,16.3
2023-10-12 07:24:00,60,550.8,569.2,264.0,305.2,638.1,306.8,352.4,34.3,17.8,18.7
2023-10-12 07:25:00,60,763.3,779.8,365.0,414.7,1084.5,525.3,588.6,158.2,77.1,83.5
2023-10-12 07:26:00,60,1465.5,1502.4,709.4,793.0,1733.1,845.4,938.6,192.4,95.6,105.4
2023-10-12 07:27:00,60,1837.9,1892.6,896.4,996.2,1979.8,948.0,1093.0,55.7,25.6,33.5
2023-10-12 07:28:00,60,2036.8,2097.2,1003.2,1093.9,2122.0,1047.8,1140.8,65.7,33.7,35.2
2023-10-12 07:29:00,59,2172.2,2237.8,1070.8,1167.0,2231.7,1100.1,1200.9,39.4,19.3,21.5
2023-10-12 07:30:00,60,2270.8,2341.3,1111.2,1230.1,2751.1,1288.5,1547.7,139.4,53.8,91.8
2023-10-12 07:31:00,60,1932.7,1996.6,953.3,1043.3,2145.5,1055.8,1157.1,138.2,67.6,76.0
2023-10-12 07:32:00,59,2243.0,2308.6,971.9,1336.7,3418.0,1259.9,2388.0,595.1,112.1,505.5
2023-10-12 07:33:00,60,1749.4,1799.2,857.3,941.9,1972.0,885.4,1051.1,33.6,7.3,17.5
2023-10-12 07:34:00,60,1672.9,1732.4,805.2,927.2,2838.6,1122.1,1791.9,309.4,104.5,221.8
2023-10-12 07:35:00,60,1618.9,1661.0,786.3,874.7,1958.9,940.0,1071.4,134.5,61.2,73.1
2023-10-12 07:36:00,60,2430.7,2492.3,1037.0,1455.3,3672.5,1278.6,2537.9,633.6,127.0,537.1
2023-10-12 07:37:00,60,2321.3,2387.7,1082.1,1305.5,2811.1,1257.8,1673.9,261.6,74.0,196.2
2023-10-12 07:38:00,60,2507.7,2580.4,1024.6,1555.9,3650.3,1279.0,2556.2,749.2,135.5,634.0
2023-10-12 07:39:00,60,3002.6,3058.6,1125.5,1933.1,3754.8,1266.9,2614.4,401.9,75.8,375.5
2023-10-12 07:40:00,60,2443.6,2524.9,1087.8,1437.1,3458.5,1297.2,2263.2,368.9,86.7,308.4
2023-10-12 07:41:00,60,1890.3,1954.4,914.8,1039.5,2286.5,1058.5,1298.7,167.0,72.1,96.5
2023-10-12 07:42:00,60,1360.8,1405.0,667.3,737.7,1528.2,749.3,832.9,54.3,27.8,31.9
2023-10-12 07:43:00,60,1494.1,1538.9,732.6,806.3,1540.0,754.2,830.9,41.9,21.9,23.4
2023-10-12 07:44:00,60,1434.0,1478.9,702.8,776.1,1503.4,737.6,812.7,33.4,17.2,17.7
2023-10-12 07:45:00,60,3059.2,3139.5,1342.7,1796.9,4449.1,1965.9,2615.9,1229.9,508.9,761.8
2023-10-12 07:46:00,60,1490.0,1544.3,670.8,873.5,3401.1,1300.7,1791.1,476.2,188.9,291.4
2023-10-12 07:47:00,60,2825.5,2910.5,1254.5,1655.9,4394.3,1951.8,2579.9,1277.6,554.0,756.4
2023-10-12 07:48:00,60,1283.5,1317.6,600.7,716.9,1811.4,696.2,1141.6,119.5,31.5,82.1
2023-10-12 07:49:00,60,2287.5,2353.4,1009.1,1344.2,4590.0,2007.2,2708.8,955.5,402.4,574.3
2023-10-12 07:50:00,60,2788.5,2879.8,1228.8,1651.0,5168.2,2265.3,3033.5,946.2,415.7,593.8
2023-10-12 07:51:00,60,2530.1,2562.4,1102.9,1459.4,4612.2,1987.8,2728.3,1332.7,544.0,798.5
2023-10-12 07:52:00,59,4233.8,4350.9,1842.7,2508.2,4528.7,1970.9,2672.8,459.7,200.4,268.2
2023-10-12 07:53:00,60,4132.2,4258.1,1808.7,2449.4,4467.4,2080.0,2629.3,475.4,197.0,287.1
2023-10-12 07:54:00,60,2685.0,2764.1,1184.4,1579.7,4297.7,1874.7,2539.8,1050.6,462.8,610.5
2023-10-12 07:55:00,60,4116.7,4211.1,1788.1,2423.0,4368.2,1908.3,2581.4,395.0,187.9,240.6
2023-10-12 07:56:00,60,4429.5,4546.8,1946.1,2600.7,4616.1,2037.2,2693.8,115.3,58.4,64.3
2023-10-12 07:57:00,59,2424.9,2513.6,1098.8,1414.8,4507.8,2041.4,2636.8,1320.5,586.6,772.6
2023-10-12 07:58:00,60,2143.7,2159.4,933.3,1226.1,4571.8,2135.8,2662.3,1099.3,486.6,638.2
2023-10-12 07:59:00,60,4443.7,4560.4,1973.0,2587.4,4590.0,2015.4,2652.0,31.5,12.8,16.2
2023-10-12 08:00:00,60,4508.7,4622.3,2001.8,2620.6,4721.9,2115.1,2741.8,263.9,119.0,141.1
2023-10-12 08:01:00,60,3127.3,3232.2,1418.3,1814.0,4785.8,2179.4,2754.4,1476.9,664.5,864.1
2023-10-12 08:02:00,60,4482.5,4613.3,2015.7,2597.6,4595.3,2129.6,2648.9,95.4,33.9,30.8
2023-10-12 08:03:00,60,1305.9,1446.4,658.1,788.3,3521.1,1845.1,2128.1,757.3,390.7,460.1
2023-10-12 08:04:00,60,2204.5,2295.0,1022.0,1273.0,4527.4,2095.7,2531.9,1299.8,607.2,732.7
2023-10-12 08:05:00,60,2019.5,2030.6,897.2,1133.4,4654.0,1861.2,2304.4,979.6,427.5,528.6
2023-10-12 08:06:00,60,4747.1,4873.4,2189.1,2684.3,4845.8,2268.9,2738.8,49.5,24.0,29.0
2023-10-12 08:07:00,59,4441.7,4555.1,2030.7,2524.4,4907.2,2253.1,2777.8,547.4,254.4,279.4
2023-10-12 08:08:00,60,4812.3,4937.6,2214.8,2722.8,4847.1,2234.1,2741.4,14.2,8.7,8.8
2023-10-12 08:09:00,60,4674.9,4796.7,2149.6,2647.2,4838.0,2227.1,2747.1,291.2,133.8,160.1
2023-10-12 08:10:00,60,4846.8,4973.7,2226.6,2747.0,4868.0,2241.1,2762.8,7.2,6.1,7.2
2023-10-12 08:11:00,60,4396.9,4542.2,2026.6,2515.5,4937.2,2272.6,2807.9,791.5,368.5,416.7
2023-10-12 08:12:00,60,4821.1,4919.7,2213.2,2706.5,5307.9,2458.5,2996.6,838.9,402.9,482.5
2023-10-12 08:13:00,60,5248.0,5375.4,2431.1,2944.3,5319.6,2461.5,2999.6,51.9,18.5,37.3
2023-10-12 08:14:00,60,5111.4,5238.5,2387.9,2850.6,5204.8,2437.5,2909.7,131.5,64.2,79.2
2023-10-12 08:15:00,60,5224.7,5352.2,2441.7,2910.5,5297.4,2467.5,2950.1,18.4,9.9,13.1
2023-10-12 08:16:00,60,5101.7,5227.4,2387.4,2840.1,5309.2,2482.4,2971.1,292.6,138.6,160.7
2023-10-12 08:17:00,59,4560.7,4670.1,2133.3,2536.8,5324.8,2483.9,2971.1,841.1,391.4,457.3
2023-10-12 08:18:00,60,5327.4,5465.8,2512.8,2953.0,5531.0,2618.9,3058.1,152.8,68.8,64.8
2023-10-12 08:19:00,60,5477.5,5607.3,2588.7,3018.6,5647.2,2671.3,3118.0,171.3,81.0,93.6
2023-10-12 08:20:00,59,5203.2,5334.1,2463.1,2871.0,5391.4,2560.6,2983.1,320.5,145.2,155.2
2023-10-12 08:21:00,61,5304.7,5430.9,2515.6,2915.3,5336.6,2536.4,2938.2,15.2,8.5,10.0
2023-10-12 08:22:00,60,5404.1,5535.9,2563.9,2972.0,5541.5,2630.8,3052.1,68.1,32.4,40.4
2023-10-12 08:23:00,60,5770.4,5917.6,2732.2,3185.4,6226.7,2924.7,3428.3,316.1,125.6,157.8
2023-10-12 08:24:00,60,6242.4,6383.5,2946.5,3437.0,6345.4,2996.6,3494.3,51.6,22.0,27.6
2023-10-12 08:25:00,60,5896.0,6030.6,2778.9,3251.7,6198.0,2926.2,3410.4,138.6,69.7,72.6
2023-10-12 08:26:00,60,5284.7,5423.4,2514.4,2909.1,5909.5,2962.6,3259.0,1144.7,547.8,636.2
2023-10-12 08:27:00,60,3548.0,3607.7,1655.2,1952.5,5960.4,2807.7,3279.9,1508.0,725.3,834.7
2023-10-12 08:28:00,60,4493.1,4566.7,2144.9,2421.8,5929.1,2846.7,3221.5,2086.8,1003.4,1133.1
2023-10-12 08:29:00,60,5838.8,5982.9,2806.9,3176.0,6393.7,3077.6,3476.3,708.3,334.1,352.3
2023-10-12 08:30:00,60,6075.9,6227.0,2939.5,3287.5,6673.0,3313.8,3606.7,993.7,475.9,530.3
2023-10-12 08:31:00,60,6465.4,6608.3,3125.3,3483.0,6515.1,3155.5,3513.8,31.4,14.7,18.3
2023-10-12 08:32:00,60,6525.1,6671.1,3155.6,3515.5,6567.3,3178.0,3542.3,20.7,10.1,12.1
2023-10-12 08:33:00,60,6517.9,6675.9,3157.4,3518.5,6750.0,3288.5,3629.2,327.4,162.6,156.3
2023-10-12 08:34:00,60,5022.2,5222.4,2482.3,2740.1,6924.9,3339.9,3734.2,1856.0,880.6,989.5
2023-10-12 08:35:00,60,1927.7,1986.1,952.1,1034.1,2263.0,1099.6,1214.6,128.5,60.3,68.1
2023-10-12 08:36:00,60,2035.4,2093.6,1003.5,1090.1,2538.4,1218.7,1346.2,193.7,90.2,100.2
2023-10-12 08:37:00,60,1950.9,2007.6,963.0,1044.6,2120.7,1049.9,1132.4,57.4,27.9,28.4
2023-10-12 08:38:00,60,2300.9,2299.7,1102.6,1197.1,5835.1,1629.5,2353.0,560.4,145.8,206.5
2023-10-12 08:39:00,60,7102.3,7237.0,3494.4,3742.6,7416.9,3663.7,3936.5,213.3,123.2,132.8
2023-10-12 08:40:00,60,6670.2,6812.0,3290.8,3521.2,6815.3,3363.9,3594.7,57.9,27.4,33.4
2023-10-12 08:41:00,60,4509.6,4652.8,2244.6,2408.2,6744.8,3335.4,3548.3,2211.7,1113.5,1154.8
2023-10-12 08:42:00,60,1284.7,1346.2,640.3,705.9,3801.7,1937.1,2076.4,725.6,368.7,401.7
2023-10-12 08:43:00,59,1358.4,1394.8,665.9,728.9,1554.3,762.9,834.1,116.8,58.2,62.8
2023-10-12 08:44:00,60,2143.2,2136.2,1022.1,1114.1,5729.4,2535.0,2627.5,1051.4,466.4,492.7
2023-10-12 08:45:00,59,5559.5,5748.8,2785.6,2963.2,7394.8,3729.5,3893.4,2078.5,1023.3,1072.3
2023-10-12 08:46:00,60,3444.5,3545.5,1716.4,1829.0,7698.9,3906.7,4047.5,1813.7,897.6,940.1
2023-10-12 08:47:00,60,1639.6,1690.2,809.7,880.6,1734.4,862.3,933.9,38.7,19.6,19.7
2023-10-12 08:48:00,59,1734.2,1781.1,855.3,925.8,1851.9,920.4,986.4,42.1,22.8,22.6
2023-10-12 08:49:00,60,3926.3,3942.4,1912.7,2029.6,8886.5,4479.7,4623.1,2793.9,1391.2,1427.5
2023-10-12 08:50:00,60,7039.5,7228.7,3549.8,3678.9,9121.4,4666.0,4752.0,2494.7,1266.3,1296.2
2023-10-12 08:51:00,59,8015.9,8191.5,4016.2,4175.3,8809.5,4390.7,4587.1,955.5,469.8,476.5
2023-10-12 08:52:00,60,4609.9,4772.8,2337.7,2435.1,8052.5,4050.5,4177.9,2126.4,1100.8,1104.8
2023-10-12 08:53:00,60,3916.8,4077.6,1983.3,2094.3,6175.8,3053.8,3206.5,1239.5,628.9,654.3
2023-10-12 08:54:00,60,3084.8,3163.4,1530.5,1632.9,7735.4,3918.6,4056.1,1320.0,648.9,682.1
2023-10-12 08:55:00,60,4029.9,4069.5,1988.6,2080.9,8074.7,4069.9,4186.9,2680.4,1354.7,1367.1
2023-10-12 08:56:00,59,5924.9,6121.3,3038.1,3083.2,7915.5,4119.7,4101.4,2270.1,1123.7,1145.4
2023-10-12 08:57:00,60,3681.8,3777.4,1852.9,1924.4,8019.9,4040.0,4143.4,2488.6,1281.6,1295.7
2023-10-12 08:58:00,60,2590.1,2673.8,1299.8,1374.1,7535.7,3738.5,3884.9,1717.0,857.9,892.0
2023-10-12 08:59:00,60,1638.8,1686.9,814.9,872.0,1871.5,941.6,989.5,91.1,45.9,49.1
2023-10-12 09:00:00,60,1858.0,1919.3,927.8,991.5,3089.1,1560.0,1624.7,261.8,141.7,142.9
2023-10-12 09:01:00,59,4488.7,4548.9,2209.8,2339.2,8326.6,4208.3,4270.8,2567.6,1300.1,1317.5
2023-10-12 09:02:00,60,7719.6,7891.4,3886.5,4004.9,8568.1,4327.8,4428.2,975.9,519.2,485.7
2023-10-12 09:03:00,60,7467.6,7710.5,3816.8,3893.8,8481.9,4284.3,4386.2,1695.7,814.8,825.0
2023-10-12 09:04:00,59,3400.7,3426.0,1677.2,1748.8,7230.3,3579.9,3653.2,2121.7,1055.6,1068.8
2023-10-12 09:05:00,59,1542.3,1648.0,804.0,843.9,6265.8,3379.5,3368.0,797.9,507.0,502.8
2023-10-12 09:06:00,60,4092.2,4101.3,2020.2,2081.1,7963.8,4088.0,4114.9,2908.1,1465.2,1491.8
2023-10-12 09:07:00,60,7504.2,7655.4,3774.7,3880.7,8398.4,4224.3,4314.3,1078.9,585.2,567.1
2023-10-12 09:08:00,60,6930.4,7106.3,3501.8,3604.5,8193.5,4137.4,4213.9,1511.9,796.0,769.6
2023-10-12 09:09:00,60,4512.8,4651.9,2296.2,2355.7,8026.4,4098.6,4150.9,2866.1,1471.3,1475.3
2023-10-12 09:10:00,59,3492.3,3649.1,1793.9,1855.3,8192.2,4226.0,4216.9,2487.7,1271.8,1286.7
2023-10-12 09:11:00,60,7477.4,7564.1,3733.2,3830.9,8042.1,4078.6,4174.6,1511.3,849.7,836.9
2023-10-12 09:12:00,60,7935.0,8107.2,4009.2,4098.0,8042.1,4062.4,4149.4,82.9,40.3,28.7
2023-10-12 09:13:00,60,7907.1,8068.9,3988.0,4081.0,8143.9,4111.9,4206.4,242.9,113.3,129.0
2023-10-12 09:14:00,60,5880.7,6083.1,2979.6,3103.5,8209.2,4147.9,4256.8,2077.3,1066.4,1055.0
2023-10-12 09:15:00,60,7407.7,7561.7,3718.5,3843.2,8615.1,4309.9,4403.4,611.5,343.3,310.6
2023-10-12 09:16:00,60,3463.8,3662.4,1811.6,1850.8,8780.8,4427.4,4480.7,2262.5,1215.8,1196.8
2023-10-12 09:17:00,60,5039.5,5175.3,2530.1,2645.2,8547.2,4267.8,4431.2,2283.7,1179.4,1200.5
2023-10-12 09:18:00,60,6293.4,6509.7,3211.8,3297.9,8303.1,4255.1,4291.8,1745.3,885.4,866.3
2023-10-12 09:19:00,60,3519.8,3655.4,1789.3,1866.1,8282.2,4160.7,4285.8,2200.3,1148.9,1175.9
2023-10-12 09:20:00,60,1823.5,1928.6,932.6,996.0,4676.2,2314.0,2430.3,815.9,429.7,459.3
2023-10-12 09:21:00,60,3671.4,3737.1,1829.1,1908.1,8427.1,4236.3,4369.8,2820.2,1419.6,1451.7
2023-10-12 09:22:00,60,4276.3,4345.3,2116.7,2228.6,8382.7,4215.4,4354.8,2908.5,1457.6,1513.5
2023-10-12 09:23:00,60,6315.1,6496.2,3192.4,3303.7,8416.7,4317.2,4402.6,1769.1,910.0,887.9
2023-10-12 09:24:00,60,8094.1,8214.4,4055.2,4159.2,8682.9,4392.9,4483.7,1084.9,572.6,589.9
2023-10-12 09:25:00,60,8180.2,8395.6,4147.1,4248.6,8609.8,4329.3,4414.7,440.3,178.2,188.8
2023-10-12 09:26:00,60,6769.7,7027.3,3449.9,3577.5,8690.8,4371.8,4574.3,2236.1,1078.3,1099.1
2023-10-12 09:27:00,59,4000.2,4040.6,1960.4,2080.2,8659.4,4359.9,4515.6,2777.1,1400.5,1431.6
2023-10-12 09:28:00,60,7096.4,7342.5,3609.5,3733.1,8634.6,4375.5,4491.2,2479.7,1206.0,1228.9
2023-10-12 09:29:00,60,4775.5,4832.4,2359.5,2472.9,8421.9,4203.4,4335.3,2426.3,1238.2,1263.2
2023-10-12 09:30:00,60,6946.9,7096.7,3476.4,3620.3,7539.6,3781.9,3939.5,1138.6,589.7,623.2
2023-10-12 09:31:00,60,7188.9,7400.3,3613.1,3787.1,8489.8,4264.9,4465.9,1137.8,560.2,566.4
2023-10-12 09:32:00,60,6186.5,6346.7,3105.6,3241.1,7885.5,3933.5,4129.9,1628.6,814.0,857.6
2023-10-12 09:33:00,59,5715.2,5850.7,2860.4,2990.3,7124.6,3555.8,3732.7,1647.3,822.7,848.0
2023-10-12 09:34:00,60,5390.8,5532.9,2685.0,2848.0,7169.0,3610.5,3755.1,1397.9,707.2,720.4
2023-10-12 09:35:00,60,3264.8,3422.4,1656.8,1765.6,7009.7,3477.8,3665.2,1489.7,778.2,805.6
2023-10-12 09:36:00,60,5211.3,5307.0,2580.2,2726.8,7180.7,3576.8,3740.2,1880.5,957.6,972.1
2023-10-12 09:37:00,60,7603.5,7758.2,3794.5,3963.6,9005.3,4509.2,4692.1,676.9,339.3,354.2
2023-10-12 09:38:00,60,9591.7,9779.7,4789.6,4990.0,10070.3,5014.4,5225.7,351.2,173.1,181.2
2023-10-12 09:39:00,60,9491.7,9799.2,4798.0,5001.2,10467.0,5320.7,5459.3,2038.8,944.1,971.1
2023-10-12 09:40:00,60,4703.0,4824.1,2358.2,2466.0,10363.9,5244.2,5449.0,2561.1,1297.1,1312.3
2023-10-12 09:41:00,60,4193.8,4304.7,2098.4,2206.3,10116.0,5068.3,5263.2,2271.1,1152.7,1170.6
2023-10-12 09:42:00,60,1958.8,2024.2,975.0,1049.1,2471.8,1285.9,1368.7,135.7,75.6,76.0
2023-10-12 09:43:00,60,6915.2,7004.1,3405.0,3599.1,9942.4,4964.9,5186.7,2468.4,1263.3,1286.5
2023-10-12 09:44:00,60,6731.3,6993.0,3410.3,3582.7,10234.7,5150.3,5399.6,2795.8,1389.7,1448.1
2023-10-12 09:45:00,60,2791.2,2862.7,1383.7,1479.1,5297.4,2732.3,2730.3,841.7,415.0,420.4
2023-10-12 09:46:00,60,4541.0,4687.8,2289.1,2398.7,9556.1,4845.0,5006.6,3014.4,1523.4,1551.3
2023-10-12 09:47:00,60,4361.9,4513.0,2179.1,2333.8,10172.1,5041.3,5366.4,2698.1,1354.5,1441.1
2023-10-12 09:48:00,60,6588.0,6645.5,3213.1,3432.4,10139.4,5036.8,5321.0,3054.8,1506.4,1593.4
2023-10-12 09:49:00,60,8667.9,8941.0,4383.2,4557.8,9956.7,5000.4,5212.6,1863.9,885.4,946.5
2023-10-12 09:50:00,59,7156.1,7264.9,3537.7,3727.2,9643.5,4798.5,5042.8,3089.9,1559.8,1618.0
2023-10-12 09:51:00,60,9666.2,9832.8,4781.2,5051.5,10003.7,4967.9,5245.2,422.1,236.6,227.4
2023-10-12 09:52:00,60,10022.7,10216.9,4975.4,5241.5,10075.5,5044.3,5278.2,33.7,24.9,20.2
2023-10-12 09:53:00,59,9108.1,9287.6,4536.1,4751.5,10134.2,5069.8,5287.2,1864.7,956.9,962.6
2023-10-12 09:54:00,60,9215.8,9397.0,4592.5,4804.4,10117.3,5050.3,5260.2,1282.8,631.3,645.8
2023-10-12 09:55:00,59,8310.1,8567.7,4162.4,4405.2,10159.0,5035.6,5309.7,2004.5,971.5,1047.7
2023-10-12 09:56:00,60,6519.9,6626.2,3228.3,3397.9,10241.2,5090.8,5366.6,3240.8,1597.4,1666.9
2023-10-12 09:57:00,60,9511.1,9751.6,4737.6,5014.0,10122.5,5032.3,5299.2,903.2,442.8,421.4
2023-10-12 09:58:00,59,4339.5,4398.5,2117.7,2280.7,9951.5,4140.4,4458.5,1442.6,646.0,694.5
2023-10-12 09:59:00,60,10160.5,10416.5,5077.5,5339.0,10690.2,5317.3,5584.3,945.5,461.7,448.5
2023-10-12 10:00:00,60,10267.9,10443.8,5117.7,5326.1,10587.1,5314.2,5474.6,340.7,215.1,221.1
2023-10-12 10:01:00,60,9316.8,9549.2,4633.2,4916.0,10779.0,5371.1,5631.1,1907.7,955.8,950.8
2023-10-12 10:02:00,60,7912.5,8151.3,3965.2,4186.1,11066.1,5536.0,5866.1,2372.7,1187.5,1232.6
2023-10-12 10:03:00,60,7799.2,8089.5,3931.6,4158.0,11167.9,5567.5,5814.8,2563.7,1281.9,1312.5
2023-10-12 10:04:00,60,5093.3,5217.4,2525.2,2692.2,6483.8,3206.5,3378.2,566.2,290.4,298.1
2023-10-12 10:05:00,60,9437.3,9581.9,4658.7,4923.2,11084.4,5530.0,5765.4,2070.0,1061.2,1067.2
2023-10-12 10:06:00,60,9983.1,10233.7,4981.3,5252.4,11194.0,5587.0,5832.8,993.0,503.1,477.7
2023-10-12 10:07:00,60,10706.3,10902.5,5313.9,5588.6,11349.3,5666.4,5915.3,920.3,486.6,460.4
2023-10-12 10:08:00,60,11434.2,11650.4,5697.4,5953.0,11521.6,5739.9,5997.7,52.2,25.2,26.4
2023-10-12 10:09:00,60,11407.6,11678.5,5706.9,5971.6,12159.8,6101.1,6409.2,707.2,298.5,294.7
2023-10-12 10:10:00,60,10768.7,10974.0,5350.9,5623.1,11969.2,6050.9,6288.5,1342.9,694.7,679.6
2023-10-12 10:11:00,59,6284.0,6539.4,3182.8,3356.6,11887.0,5987.8,6225.1,3047.9,1570.2,1612.7
2023-10-12 10:12:00,60,5611.7,5792.6,2801.5,2991.1,10858.6,5451.2,5689.1,2010.7,1009.8,1068.4
2023-10-12 10:13:00,60,4123.6,4127.9,1980.6,2147.3,11584.2,5712.9,6095.2,1991.0,862.9,964.4
2023-10-12 10:14:00,60,4873.1,5091.8,2477.4,2614.4,11593.4,5817.0,6134.9,2618.3,1356.5,1414.6
2023-10-12 10:15:00,59,3947.5,4068.4,1977.7,2090.6,6096.2,3062.1,3217.2,945.1,483.7,481.6
2023-10-12 10:16:00,60,3045.7,3132.1,1508.2,1623.9,3325.4,1641.4,1772.1,137.6,68.4,71.9
2023-10-12 10:17:00,59,2984.2,3075.6,1480.8,1594.8,3200.1,1589.0,1705.9,111.0,54.3,56.7
2023-10-12 10:18:00,60,3895.2,3976.2,1902.6,2073.6,10726.8,5140.3,5843.1,1670.2,753.0,905.1
2023-10-12 10:19:00,60,3750.4,3852.6,1860.1,1992.5,4387.7,2190.2,2289.0,195.5,100.5,101.0
2023-10-12 10:20:00,60,5823.1,5964.3,2891.9,3072.4,11504.6,5750.7,5994.7,2448.9,1209.9,1269.2
2023-10-12 10:21:00,60,3016.6,3103.4,1494.7,1608.7,3239.2,1614.5,1728.4,88.9,43.6,46.1
2023-10-12 10:22:00,60,3478.7,3577.3,1727.0,1850.3,5297.4,2609.7,2822.1,502.0,256.1,271.4
2023-10-12 10:23:00,60,2933.3,3012.9,1450.7,1562.3,4319.9,2102.9,2370.2,358.6,168.2,177.8
2023-10-12 10:24:00,59,2981.3,3031.9,1456.8,1575.2,6439.4,3164.3,3474.3,859.7,397.5,428.2
2023-10-12 10:25:00,60,9063.1,9279.3,4473.1,4806.2,12219.8,6048.7,6429.5,3045.7,1476.7,1578.7
2023-10-12 10:26:00,60,3613.7,3715.1,1791.4,1923.7,4014.5,2084.4,2239.9,128.2,70.1,72.9
2023-10-12 10:27:00,60,3518.7,3613.9,1742.1,1871.8,3713.0,1833.3,1963.8,79.5,39.0,40.7
2023-10-12 10:28:00,60,4812.9,4934.9,2372.8,2562.1,9554.7,4586.6,5266.9,1660.4,806.5,900.4
2023-10-12 10:29:00,60,3383.2,3478.5,1675.0,1803.5,3548.5,1756.9,1893.3,48.8,24.1,25.9
2023-10-12 10:30:00,60,3083.1,3174.9,1526.3,1648.6,3309.7,1643.0,1768.9,147.8,73.0,75.9
2023-10-12 10:31:00,60,2778.5,2860.9,1372.6,1488.3,2843.8,1402.6,1517.0,29.0,13.6,13.8
2023-10-12 10:32:00,60,2880.6,2967.7,1426.2,1541.5,2894.7,1436.8,1550.1,11.3,8.6,7.7
2023-10-12 10:33:00,60,3424.9,3530.7,1705.3,1825.4,5058.6,2551.6,2674.2,690.6,352.1,358.7
2023-10-12 10:34:00,59,2704.9,2786.9,1338.7,1448.2,2850.3,1418.5,1526.1,50.6,26.6,27.3
2023-10-12 10:35:00,59,2757.8,2840.1,1365.1,1475.0,2815.1,1396.1,1506.0,29.9,14.6,15.7
2023-10-12 10:36:00,60,2812.4,2897.3,1392.7,1504.6,2881.6,1424.1,1538.0,58.5,28.4,29.6
2023-10-12 10:37:00,60,2538.4,2617.8,1257.5,1360.2,2678.0,1328.2,1435.3,78.2,39.0,41.9
2023-10-12 10:38:00,60,2402.6,2476.5,1190.7,1285.8,2424.8,1199.2,1297.2,9.1,4.0,4.7
2023-10-12 10:39:00,60,2203.0,2273.0,1091.6,1181.5,2372.6,1184.9,1277.3,80.9,41.5,43.4
2023-10-12 10:40:00,59,2003.4,2068.5,992.2,1076.3,2127.3,1056.9,1144.2,55.4,28.2,29.7
2023-10-12 10:41:00,60,1780.2,1838.7,880.2,958.6,1906.7,944.3,1028.1,81.1,40.6,43.3
2023-10-12 10:42:00,59,1576.1,1625.8,776.4,849.4,1644.4,811.1,887.0,26.4,13.8,14.3
2023-10-12 10:43:00,60,1627.5,1676.7,801.6,875.1,1662.6,819.7,894.4,28.1,14.8,14.9
2023-10-12 10:44:00,60,1594.7,1645.5,786.4,859.1,1647.0,812.7,884.7,26.4,13.6,13.7
2023-10-12 10:45:00,60,1574.4,1622.2,775.2,847.0,1609.1,793.3,865.7,21.3,10.9,10.6
2023-10-12 10:46:00,60,1701.6,1752.9,839.5,913.4,1879.3,928.3,1006.9,81.1,40.8,43.4
2023-10-12 10:47:00,60,1635.9,1686.8,807.7,879.0,1680.9,830.1,903.7,29.9,15.7,16.8
2023-10-12 10:48:00,60,1361.3,1407.6,671.5,736.1,1600.0,787.8,857.6,111.3,54.8,59.0
2023-10-12 10:49:00,60,1127.0,1162.9,553.4,609.5,1181.0,581.5,640.1,19.8,10.4,11.3
2023-10-12 10:50:00,59,1144.6,1179.8,562.0,617.8,1178.4,577.5,633.5,14.7,7.0,7.5
2023-10-12 10:51:00,60,1861.4,1911.4,916.2,995.3,3547.2,1773.2,1883.7,810.6,408.5,432.3
2023-10-12 10:52:00,60,1521.3,1569.0,750.5,818.4,1787.9,884.6,953.4,74.2,39.8,38.5
2023-10-12 10:53:00,60,2061.8,2115.9,1016.9,1099.0,2351.7,1163.3,1252.0,218.0,111.2,115.0
2023-10-12 10:54:00,60,2115.6,2184.5,1050.4,1134.1,2470.5,1230.5,1323.2,330.2,163.9,169.7
2023-10-12 10:55:00,60,1492.3,1540.5,734.9,805.6,1597.4,787.8,858.6,44.4,22.6,23.3
2023-10-12 10:56:00,60,1439.7,1483.0,707.1,775.9,1493.0,734.7,804.5,24.2,12.2,12.5
2023-10-12 10:57:00,60,1600.2,1647.5,787.5,860.0,1674.4,825.7,900.5,55.6,28.7,29.2
2023-10-12 10:58:00,60,1650.0,1701.2,814.2,887.0,1660.0,819.1,892.8,6.8,3.3,3.5
2023-10-12 10:59:00,60,1587.3,1636.9,782.5,854.4,1635.2,806.8,878.0,24.0,12.4,12.9
2023-10-12 11:00:00,60,1521.9,1569.5,750.2,819.3,1551.7,767.0,836.7,20.5,10.0,10.8
2023-10-12 11:01:00,61,1397.9,1443.9,690.7,753.2,1515.2,747.7,814.3,78.7,38.0,41.7
2023-10-12 11:02:00,60,1248.6,1285.1,615.0,670.1,1275.0,628.5,686.0,15.6,6.6,7.2
2023-10-12 11:03:00,59,1517.8,1559.4,747.1,812.3,1635.2,809.4,876.4,93.8,49.3,52.4
2023-10-12 11:04:00,60,1525.7,1576.3,755.3,821.0,1633.9,809.5,876.3,86.4,42.7,45.2
2023-10-12 11:05:00,60,1298.7,1339.2,641.3,697.8,1859.7,912.3,1004.9,118.7,56.1,60.6
2023-10-12 11:06:00,60,1177.5,1216.0,582.2,633.9,1247.6,616.7,669.5,52.7,25.5,26.9
2023-10-12 11:07:00,60,979.5,1011.7,483.2,528.5,1058.4,523.0,573.5,51.9,25.2,27.9
2023-10-12 11:08:00,60,778.3,805.1,383.0,422.1,982.7,478.1,535.0,68.6,32.7,36.5
2023-10-12 11:09:00,60,702.5,723.0,344.1,378.9,753.0,369.8,406.4,26.8,13.3,14.2
2023-10-12 11:10:00,60,794.9,818.4,390.7,427.7,841.7,414.3,454.2,26.1,13.1,14.0
2023-10-12 11:11:00,60,844.5,870.8,417.1,453.6,870.4,433.1,469.2,14.3,8.2,7.4
2023-10-12 11:12:00,60,1019.9,1049.3,504.9,544.5,1515.2,755.4,802.5,179.5,92.2,93.4
2023-10-12 11:13:00,60,1129.0,1169.0,563.5,605.5,3284.9,1629.9,1694.8,552.6,282.8,295.5
2023-10-12 11:14:00,60,798.7,822.2,393.0,429.2,857.4,425.0,461.4,40.8,20.5,21.7
2023-10-12 11:15:00,60,984.2,1014.7,488.0,526.7,1421.2,707.2,757.9,149.6,75.4,77.9
2023-10-12 11:16:00,60,823.3,847.8,404.8,443.0,917.4,450.9,490.8,39.0,19.1,19.7
2023-10-12 11:17:00,60,1105.3,1133.5,542.4,591.1,1228.0,604.5,656.1,109.8,54.6,58.2
2023-10-12 11:18:00,60,1405.4,1450.4,696.7,753.7,2509.7,1244.3,1356.5,602.2,298.8,316.0
2023-10-12 11:19:00,60,770.7,793.4,376.3,417.2,840.4,411.4,455.7,29.5,13.6,15.9
2023-10-12 11:20:00,60,990.8,1017.4,483.9,533.5,1141.9,557.9,613.9,85.0,41.5,45.7
2023-10-12 11:21:00,60,1309.9,1345.4,641.2,704.1,1498.2,733.2,805.1,100.9,49.5,53.9
2023-10-12 11:22:00,60,1669.1,1718.3,823.8,894.5,1816.6,911.4,974.8,61.6,34.2,32.8
2023-10-12 11:23:00,60,1716.1,1768.5,848.3,920.2,1733.1,855.9,929.5,8.9,4.3,5.2
2023-10-12 11:24:00,60,1831.1,1885.2,905.3,979.9,1917.1,950.1,1026.4,71.2,35.9,38.3
2023-10-12 11:25:00,60,1689.5,1746.4,837.2,909.2,1880.6,934.5,1012.4,111.0,56.3,59.6
2023-10-12 11:26:00,60,1690.6,1740.4,835.2,905.2,2016.3,998.4,1076.3,105.1,53.0,54.5
2023-10-12 11:27:00,60,1690.1,1742.9,835.3,907.6,1705.7,844.8,918.5,12.0,6.2,6.8
2023-10-12 11:28:00,60,1600.2,1650.9,790.2,860.8,1670.5,824.9,897.2,35.2,18.2,18.4
2023-10-12 11:29:00,60,1590.6,1638.4,784.3,854.1,1666.6,822.2,891.9,37.0,18.5,18.7
2023-10-12 11:30:00,60,2285.3,2339.5,1142.0,1197.5,3732.6,1900.9,1933.8,751.3,395.7,377.8
2023-10-12 11:31:00,60,2030.3,2101.9,1018.0,1083.9,2892.1,1435.7,1504.1,399.2,207.4,203.1
2023-10-12 11:32:00,60,1679.9,1732.0,829.3,902.7,1701.8,840.4,913.4,19.8,10.0,9.5
2023-10-12 11:33:00,60,1462.1,1510.1,719.5,790.6,1594.8,784.2,857.2,65.2,33.5,34.7
2023-10-12 11:34:00,60,1429.6,1472.8,700.7,772.0,1523.0,748.1,821.9,40.4,19.4,21.2
2023-10-12 11:35:00,60,1668.9,1716.9,818.9,898.0,1787.9,879.8,963.4,80.3,40.6,43.2
2023-10-12 11:36:00,60,1861.0,1916.1,914.7,1001.4,1990.2,979.7,1070.7,55.7,27.5,28.8
2023-10-12 11:37:00,60,2177.5,2241.5,1074.2,1167.2,2276.0,1125.7,1220.7,74.9,39.0,41.1
2023-10-12 11:38:00,60,2173.2,2241.9,1073.4,1168.5,2233.0,1101.2,1198.2,37.6,18.8,19.6
2023-10-12 11:39:00,60,2063.7,2128.4,1018.1,1110.3,2107.7,1037.8,1132.3,23.3,11.5,12.2
2023-10-12 11:40:00,60,2027.2,2088.9,999.3,1089.5,2062.0,1016.0,1107.0,13.4,6.4,6.6
2023-10-12 11:41:00,60,2121.0,2184.7,1046.6,1138.2,2180.8,1072.6,1169.1,28.1,14.1,14.9
2023-10-12 11:42:00,60,2190.7,2257.3,1082.1,1175.2,2230.4,1099.0,1193.1,14.8,7.0,7.2
2023-10-12 11:43:00,60,2481.4,2550.8,1227.8,1322.9,2731.5,1352.3,1451.6,157.2,80.3,81.7
2023-10-12 11:44:00,60,2590.6,2668.9,1284.1,1384.8,2620.6,1299.6,1402.1,18.3,8.9,9.9
2023-10-12 11:45:00,60,2393.9,2470.5,1190.5,1280.0,3065.6,1520.0,1620.5,289.4,146.1,149.2
2023-10-12 11:46:00,59,1936.9,2001.0,960.4,1040.6,2056.8,1020.8,1105.0,78.8,39.1,41.2
2023-10-12 11:47:00,60,1604.2,1654.8,791.0,863.8,1752.7,866.2,942.1,75.4,39.8,40.9
2023-10-12 11:48:00,60,1415.0,1458.9,697.3,761.7,1714.8,854.4,913.5,105.2,51.2,52.5
2023-10-12 11:49:00,59,1265.3,1305.5,622.3,683.2,1297.2,642.1,704.6,13.4,7.2,7.8
2023-10-12 11:50:00,60,1212.9,1251.0,596.4,654.6,1241.1,611.8,670.6,14.5,7.5,8.0
2023-10-12 11:51:00,60,1196.8,1233.8,588.0,645.8,1209.8,594.4,652.7,5.1,2.3,2.5
2023-10-12 11:52:00,59,1221.2,1258.9,600.7,658.2,1235.9,608.4,666.3,8.5,4.2,4.6
2023-10-12 11:53:00,60,1116.8,1153.1,549.7,603.4,1200.6,591.7,650.0,47.8,24.1,25.9
2023-10-12 11:54:00,60,1017.2,1049.6,500.2,549.5,1047.9,515.1,565.3,14.3,6.9,7.6
2023-10-12 11:55:00,59,977.3,1008.7,480.4,528.2,1004.9,493.4,540.5,20.7,10.1,10.4
2023-10-12 11:56:00,60,857.9,885.7,421.3,464.5,926.5,457.9,502.7,39.5,19.8,21.3
2023-10-12 11:57:00,60,786.5,810.9,384.8,426.1,809.1,396.3,437.8,9.2,5.1,4.7
2023-10-12 11:58:00,60,850.7,875.6,417.5,458.1,890.0,440.1,482.8,24.7,13.0,13.1
2023-10-12 11:59:00,60,872.4,900.5,429.7,470.8,896.5,442.3,486.9,19.3,9.0,10.5
2023-10-12 12:00:00,60,774.7,800.0,380.1,419.9,835.2,411.2,448.4,32.2,16.1,16.8
2023-10-12 12:01:00,60,701.3,723.8,343.5,380.3,728.2,357.1,394.0,9.4,4.9,5.4
2023-10-12 12:02:00,60,696.3,717.8,340.5,377.4,716.4,352.4,388.9,6.3,2.7,3.5
2023-10-12 12:03:00,60,758.3,780.7,370.1,410.6,783.0,383.7,426.3,20.0,10.2,11.5
2023-10-12 12:04:00,60,725.9,749.2,354.3,394.9,775.1,376.3,423.6,31.5,15.5,17.6
2023-10-12 12:05:00,60,681.3,701.5,331.2,370.3,711.2,344.5,388.7,13.2,5.9,7.6
2023-10-12 12:06:00,60,743.4,765.8,361.9,403.9,781.7,380.2,428.1,20.9,10.2,11.7
2023-10-12 12:07:00,60,809.4,833.3,394.1,439.2,835.2,406.2,454.8,15.1,7.4,8.1
2023-10-12 12:08:00,60,843.3,869.2,411.9,457.2,856.1,422.3,463.8,7.8,4.3,4.3
2023-10-12 12:09:00,60,750.4,775.3,366.8,408.6,827.4,404.4,448.6,38.4,19.5,20.8
2023-10-12 12:10:00,60,740.5,762.5,360.5,402.0,779.1,381.0,424.3,24.1,11.8,13.1
2023-10-12 12:11:00,60,772.2,796.0,376.6,419.4,784.3,385.2,427.1,4.5,3.2,3.3
2023-10-12 12:12:00,60,871.9,896.0,425.4,470.6,982.7,480.6,531.1,61.1,30.4,31.9
2023-10-12 12:13:00,60,1001.2,1032.9,491.3,541.7,1025.7,503.9,554.2,18.0,8.8,9.8
2023-10-12 12:14:00,60,891.6,920.0,437.7,482.3,952.6,467.0,516.5,27.1,13.2,15.2
2023-10-12 12:15:00,60,858.4,885.3,421.4,463.9,882.2,433.0,479.9,19.5,9.6,10.3
2023-10-12 12:16:00,60,712.3,737.2,349.9,387.3,813.0,396.6,438.9,58.0,28.6,31.3
2023-10-12 12:17:00,59,547.7,566.1,268.0,298.1,615.9,304.3,337.4,33.2,16.5,17.9
2023-10-12 12:18:00,59,461.3,476.6,225.3,251.3,484.1,236.1,263.3,9.0,4.5,5.0
2023-10-12 12:19:00,60,412.7,426.2,201.3,224.8,447.6,217.6,243.8,16.3,8.3,9.6
2023-10-12 12:20:00,60,469.9,483.3,228.7,254.6,507.6,248.4,275.5,30.6,15.3,16.7
2023-10-12 12:21:00,59,450.0,465.8,220.1,245.7,501.1,244.8,274.4,37.9,18.3,20.3
2023-10-12 12:22:00,60,317.0,327.8,154.7,173.2,374.5,186.2,202.6,24.7,13.0,13.2
2023-10-12 12:23:00,60,309.1,318.6,150.3,168.2,319.7,158.2,176.6,6.3,3.5,4.2
2023-10-12 12:24:00,60,306.6,316.7,148.9,167.8,322.3,162.4,178.3,10.9,6.4,5.8
2023-10-12 12:25:00,60,263.1,272.0,127.1,144.9,292.3,145.0,162.1,11.3,7.2,6.8
2023-10-12 12:26:00,60,252.9,261.2,123.8,137.4,263.5,134.4,148.1,5.4,4.9,5.2
2023-10-12 12:27:00,60,249.6,256.3,121.9,134.4,270.1,134.3,152.2,10.0,6.2,7.3
2023-10-12 12:28:00,60,214.0,221.9,106.2,115.7,234.8,119.4,130.9,11.9,7.2,7.4
2023-10-12 12:29:00,60,196.5,201.7,95.2,106.4,204.8,103.7,115.3,4.5,4.1,4.3
2023-10-12 12:30:00,60,193.5,199.9,94.2,105.7,206.1,103.3,118.0,9.5,5.4,6.3
2023-10-12 12:31:00,60,142.9,148.1,69.9,78.2,172.2,85.2,99.0,14.5,7.7,8.7
2023-10-12 12:32:00,60,116.7,120.4,54.4,66.0,133.0,64.2,75.2,9.0,5.4,6.2
2023-10-12 12:33:00,60,117.4,120.3,56.3,64.0,147.4,71.8,80.1,15.1,7.4,8.2
2023-10-12 12:34:00,60,147.8,151.7,71.4,80.3,157.8,77.0,85.7,3.4,1.8,2.2
2023-10-12 12:35:00,60,161.1,165.8,78.3,87.5,172.2,84.1,93.9,6.4,3.1,3.5
2023-10-12 12:36:00,60,166.8,172.1,81.4,90.7,178.7,87.3,95.2,4.1,2.0,1.9
2023-10-12 12:37:00,60,153.1,158.4,74.8,83.6,170.9,83.3,93.2,10.9,5.6,6.1
2023-10-12 12:38:00,60,108.6,112.3,52.8,59.5,135.6,67.6,75.0,13.0,6.6,7.1
2023-10-12 12:39:00,59,84.6,87.3,40.7,46.6,93.9,45.3,51.7,4.2,2.1,2.3
2023-10-12 12:40:00,60,87.3,89.9,41.9,48.0,99.1,48.0,53.0,4.2,2.1,2.4
2023-10-12 12:41:00,60,95.3,98.7,46.1,52.6,101.7,49.1,56.1,3.5,1.9,2.2
2023-10-12 12:42:00,59,97.4,100.1,47.0,53.1,112.1,54.5,59.3,5.4,2.5,2.7
2023-10-12 12:43:00,60,119.0,122.5,57.8,64.7,134.3,65.7,71.9,7.5,3.8,4.0
2023-10-12 12:44:00,60,114.9,118.2,55.6,62.6,129.1,62.5,69.1,6.3,3.1,3.3
2023-10-12 12:45:00,60,134.8,137.9,64.9,73.0,168.3,79.3,91.4,17.1,8.2,9.2
2023-10-12 12:46:00,60,216.2,222.3,104.6,117.7,247.9,124.4,137.4,25.4,12.6,14.8
2023-10-12 12:47:00,60,231.2,238.9,113.7,125.2,247.9,125.6,141.1,9.7,5.1,6.6
2023-10-12 12:48:00,59,204.2,210.3,98.7,111.6,219.2,107.6,120.5,7.8,4.4,5.5
2023-10-12 12:49:00,60,124.4,129.8,60.7,69.2,189.1,94.6,106.0,36.3,18.1,19.8
2023-10-12 12:50:00,60,86.5,89.0,41.8,47.2,117.4,56.6,65.4,15.1,7.5,7.9
2023-10-12 12:51:00,60,139.4,143.3,67.4,75.9,153.9,75.3,86.5,9.7,4.9,5.7
2023-10-12 12:52:00,60,141.7,146.5,69.0,77.5,157.8,78.6,89.4,8.5,4.1,4.6
2023-10-12 12:53:00,60,128.4,132.8,62.6,70.3,139.6,68.4,75.4,4.8,2.5,2.5
2023-10-12 12:54:00,60,120.8,124.9,58.7,66.2,130.4,63.9,71.7,4.5,2.4,2.2
2023-10-12 12:55:00,60,126.9,131.7,62.1,69.6,140.9,68.4,76.3,5.6,3.0,3.0
2023-10-12 12:56:00,60,120.4,123.9,58.2,65.7,139.6,68.3,77.6,13.0,6.4,6.6
2023-10-12 12:57:00,59,63.7,66.3,31.7,34.6,99.1,47.4,56.0,19.6,9.2,11.0
2023-10-12 12:58:00,60,15.4,16.6,7.8,8.8,33.8,17.3,17.6,8.3,4.2,4.6
2023-10-12 12:59:00,60,5.6,5.9,2.7,3.1,16.9,7.9,9.5,4.5,2.0,2.5
2023-10-12 13:00:00,59,21.2,21.7,10.3,11.4,43.0,22.0,22.2,12.0,6.3,6.0
2023-10-12 13:01:00,60,46.0,47.7,22.7,24.9,56.0,29.5,35.6,3.9,4.0,3.8
2023-10-12 13:02:00,60,36.5,38.1,18.9,19.1,48.2,26.8,29.5,6.5,3.4,4.5
2023-10-12 13:03:00,60,59.0,59.8,28.5,31.3,73.0,39.7,44.8,8.2,5.1,6.5
2023-10-12 13:04:00,60,65.1,66.6,31.4,35.2,74.3,44.0,45.3,4.6,5.5,5.1
2023-10-12 13:05:00,60,61.9,63.7,30.0,33.7,70.4,39.9,44.3,4.3,5.0,5.3
2023-10-12 13:06:00,60,48.6,50.7,24.4,26.3,70.4,39.9,39.4,10.0,6.6,5.8
2023-10-12 13:07:00,60,36.8,38.6,17.9,20.7,46.9,25.0,30.7,5.8,3.7,4.2
2023-10-12 13:08:00,60,32.2,33.0,15.6,17.4,46.9,26.6,30.9,7.0,4.1,4.6
2023-10-12 13:09:00,60,18.7,19.3,8.9,10.4,27.3,13.8,16.3,3.8,2.3,2.5
2023-10-12 13:10:00,60,24.0,24.2,11.2,13.0,35.1,17.7,20.8,6.1,2.9,3.7
2023-10-12 13:11:00,60,21.9,22.4,10.5,11.9,32.5,16.6,18.4,5.5,2.2,2.8
2023-10-12 13:12:00,60,9.5,10.2,4.7,5.5,18.2,9.0,10.7,4.1,2.1,2.4
2023-10-12 13:13:00,60,16.1,17.2,8.0,9.2,24.7,12.4,13.9,4.4,2.0,2.2
2023-10-12 13:14:00,60,16.7,17.2,8.2,9.0,26.0,12.7,15.5,5.9,2.9,3.2
2023-10-12 13:15:00,59,4.4,4.7,2.2,2.5,15.6,6.6,8.2,4.2,1.8,2.0
2023-10-12 13:16:00,60,9.5,9.4,4.3,5.1,19.5,9.5,10.5,5.5,2.7,3.0
2023-10-12 13:17:00,60,10.5,11.0,5.5,5.5,15.6,8.8,11.3,5.3,2.9,2.5
2023-10-12 13:18:00,60,17.5,17.7,8.2,9.5,28.6,14.6,15.9,6.1,2.9,3.6
2023-10-12 13:19:00,60,36.6,37.7,17.5,20.2,53.4,29.5,32.5,9.2,5.3,5.6
2023-10-12 13:20:00,60,45.1,47.1,22.2,25.0,56.0,32.2,33.7,4.9,4.2,4.3
2023-10-12 13:21:00,60,30.9,32.0,14.9,17.1,46.9,25.7,27.1,7.5,4.3,4.3
2023-10-12 13:22:00,60,20.6,21.5,10.0,11.5,28.6,13.4,18.9,4.3,1.9,2.8
2023-10-12 13:23:00,60,21.5,22.6,10.5,12.1,29.9,15.1,17.4,4.7,2.4,2.6
2023-10-12 13:24:00,60,8.0,8.7,4.0,4.7,23.4,10.7,13.4,6.9,3.3,3.9
2023-10-12 13:25:00,60,0.4,0.6,0.2,0.4,6.4,3.6,6.2,1.2,0.7,1.0
2023-10-12 13:26:00,60,16.2,16.5,7.6,8.9,27.3,13.6,15.9,7.3,3.7,4.2
2023-10-12 13:27:00,60,12.4,12.8,6.0,6.8,28.6,13.8,15.7,6.2,3.2,3.7
2023-10-12 13:28:00,60,2.7,2.7,1.2,1.5,11.6,5.0,5.6,2.9,1.4,1.6
2023-10-12 13:29:00,60,0.9,1.4,0.6,0.8,9.0,4.4,4.9,2.0,1.1,1.4
2023-10-12 13:30:00,60,0.3,0.3,0.1,0.2,5.1,3.1,3.5,0.9,0.5,0.6
2023-10-12 13:31:00,60,0.0,0.0,0.0,0.0,0.0,0.0,0.0,0.0,0.0,0.0
2023-10-12 13:32:00,60,0.0,0.0,0.0,0.0,1.2,0.6,0.0,0.2,0.1,0.0
2023-10-12 13:33:00,59,0.0,0.0,0.0,0.0,0.0,0.0,0.0,0.0,0.0,0.0
2023-10-12 13:34:00,60,0.0,0.0,0.0,0.0,0.0,0.0,0.0,0.0,0.0,0.0
2023-10-12 13:35:00,60,0.0,0.0,0.0,0.0,0.0,0.0,0.0,0.0,0.0,0.0
2023-10-12 13:36:00,60,0.0,0.0,0.0,0.0,0.0,0.0,0.0,0.0,0.0,0.0
2023-10-12 13:37:00,60,0.0,0.0,0.0,0.0,0.0,0.0,0.0,0.0,0.0,0.0
2023-10-12 13:38:00,60,0.0,0.0,0.0,0.0,0.0,0.0,0.0,0.0,0.0,0.0
2023-10-12 13:39:00,60,0.0,0.0,0.0,0.0,0.0,0.0,0.0,0.0,0.0,0.0
2023-10-12 13:40:00,60,0.0,0.0,0.0,0.0,0.0,0.0,0.0,0.0,0.0,0.0
2023-10-12 13:41:00,60,0.0,0.0,0.0,0.0,0.0,0.0,0.0,0.0,0.0,0.0
2023-10-12 13:42:00,60,0.0,0.0,0.0,0.0,0.0,-0.0,0.0,0.0,0.0,0.0
2023-10-12 13:43:00,60,0.0,0.0,0.0,0.0,0.0,0.0,0.0,0.0,0.0,0.0
2023-10-12 13:44:00,60,0.0,0.0,0.0,0.0,0.0,0.0,0.0,0.0,0.0,0.0
2023-10-12 13:45:00,60,0.0,0.0,0.0,0.0,0.0,0.0,0.0,0.0,0.0,0.0
2023-10-12 13:46:00,60,0.0,0.0,0.0,0.0,0.0,0.0,0.0,0.0,0.0,0.0
2023-10-12 13:47:00,60,0.0,0.0,0.0,0.0,0.0,0.0,0.0,0.0,0.0,0.0
2023-10-12 13:48:00,60,0.0,0.0,0.0,0.0,0.0,0.0,0.0,0.0,0.0,0.0
2023-10-12 13:49:00,60,0.0,0.0,0.0,0.0,0.0,0.0,0.0,0.0,0.0,0.0
2023-10-12 13:50:00,60,0.0,0.0,0.0,0.0,0.0,0.0,0.0,0.0,0.0,0.0
2023-10-12 13:51:00,60,0.0,0.0,0.0,0.0,0.0,0.0,0.0,0.0,0.0,0.0
2023-10-12 13:52:00,60,0.0,0.0,0.0,0.0,0.0,0.0,0.0,0.0,0.0,0.0
2023-10-12 13:53:00,60,0.0,0.0,0.0,0.0,0.0,0.0,0.0,0.0,0.0,0.0
2023-10-12 13:54:00,60,0.0,0.0,0.0,0.0,0.0,0.0,0.0,0.0,0.0,0.0
2023-10-12 13:55:00,60,0.0,0.0,0.0,0.0,0.0,0.0,0.0,0.0,0.0,0.0
2023-10-12 13:56:00,60,0.0,0.0,0.0,0.0,0.0,-0.0,0.0,0.0,0.0,0.0
2023-10-12 13:57:00,60,0.0,0.0,0.0,0.0,0.0,0.0,0.0,0.0,0.0,0.0
2023-10-12 13:58:00,60,0.0,0.0,0.0,0.0,0.0,0.0,0.0,0.0,0.0,0.0
2023-10-12 13:59:00,60,0.0,0.0,0.0,0.0,0.0,0.0,0.0,0.0,0.0,0.0
2023-10-12 14:00:00,60,0.0,0.0,0.0,0.0,0.0,0.0,0.0,0.0,0.0,0.0
2023-10-12 14:01:00,60,0.0,0.0,0.0,0.0,0.0,0.0,0.0,0.0,0.0,0.0
2023-10-12 14:02:00,60,0.0,0.0,0.0,0.0,0.0,0.0,0.0,0.0,0.0,0.0
2023-10-12 14:03:00,59,0.0,0.0,0.0,0.0,0.0,0.0,-0.0,0.0,0.0,0.0
2023-10-12 14:04:00,60,0.0,0.0,0.0,0.0,0.0,0.0,0.0,0.0,0.0,0.0
2023-10-12 14:05:00,60,0.0,0.0,0.0,0.0,0.0,0.0,0.0,0.0,0.0,0.0
2023-10-12 14:06:00,59,0.0,0.0,0.0,0.0,0.0,0.0,0.0,0.0,0.0,0.0
2023-10-12 14:07:00,60,0.0,0.0,0.0,0.0,0.0,0.0,0.0,0.0,0.0,0.0
2023-10-12 14:08:00,60,0.0,0.0,0.0,0.0,0.0,0.0,0.0,0.0,0.0,0.0
2023-10-12 14:09:00,60,0.0,0.0,0.0,0.0,0.0,-0.0,0.0,0.0,0.0,0.0
2023-10-12 14:10:00,60,0.0,0.0,0.0,0.0,0.0,0.0,0.0,0.0,0.0,0.0
2023-10-12 14:11:00,59,0.0,0.0,0.0,0.0,0.0,0.0,0.0,0.0,0.0,0.0
2023-10-12 14:12:00,60,0.0,0.0,0.0,0.0,0.0,0.0,0.0,0.0,0.0,0.0
2023-10-12 14:13:00,60,0.0,0.0,0.0,0.0,0.0,-0.0,0.0,0.0,0.0,0.0
2023-10-12 14:14:00,60,0.0,0.0,0.0,0.0,0.0,0.0,0.0,0.0,0.0,0.0
2023-10-12 14:15:00,60,0.0,0.0,0.0,0.0,0.0,0.0,0.0,0.0,0.0,0.0
2023-10-12 14:16:00,60,0.0,0.0,0.0,0.0,0.0,0.0,0.0,0.0,0.0,0.0
2023-10-12 14:17:00,60,0.0,0.0,0.0,0.0,0.0,0.0,0.0,0.0,0.0,0.0
2023-10-12 14:18:00,60,0.0,0.0,0.0,0.0,0.0,0.0,0.0,0.0,0.0,0.0
2023-10-12 14:19:00,60,0.0,0.0,0.0,0.0,0.0,0.0,-0.0,0.0,0.0,0.0
2023-10-12 14:20:00,60,0.0,0.0,0.0,0.0,0.0,0.0,0.0,0.0,0.0,0.0
2023-10-12 14:21:00,60,0.0,0.0,0.0,0.0,0.0,0.0,-0.0,0.0,0.0,0.0
2023-10-12 14:22:00,60,0.0,0.0,0.0,0.0,0.0,0.0,0.0,0.0,0.0,0.0
2023-10-12 14:23:00,60,0.0,0.0,0.0,0.0,0.0,0.0,-0.0,0.0,0.0,0.0
2023-10-12 14:24:00,60,0.0,0.0,0.0,0.0,0.0,0.0,0.0,0.0,0.0,0.0
2023-10-12 14:25:00,61,0.0,0.0,0.0,0.0,0.0,-0.0,0.0,0.0,0.0,0.0
2023-10-12 14:26:00,60,0.0,0.0,0.0,0.0,0.0,0.0,-0.0,0.0,0.0,0.0
2023-10-12 14:27:00,60,0.0,0.0,0.0,0.0,0.0,0.0,0.0,0.0,0.0,0.0
2023-10-12 14:28:00,60,0.0,0.0,0.0,0.0,0.0,0.0,-0.0,0.0,0.0,0.0
2023-10-12 14:29:00,60,0.0,0.0,0.0,0.0,0.0,0.0,-0.0,0.0,0.0,0.0
2023-10-12 14:30:00,60,0.0,0.0,0.0,0.0,0.0,0.0,0.0,0.0,0.0,0.0
2023-10-12 14:31:00,60,0.0,0.0,0.0,0.0,0.0,-0.0,0.0,0.0,0.0,0.0
2023-10-12 14:32:00,60,0.0,0.0,0.0,0.0,0.0,0.0,0.0,0.0,0.0,0.0
2023-10-12 14:33:00,60,0.0,0.0,0.0,0.0,0.0,0.0,0.0,0.0,0.0,0.0
2023-10-12 14:34:00,60,0.0,0.0,0.0,0.0,0.0,0.0,0.0,0.0,0.0,0.0
2023-10-12 14:35:00,60,0.0,0.0,0.0,0.0,0.0,0.0,0.0,0.0,0.0,0.0
2023-10-12 14:36:00,60,0.0,0.0,0.0,0.0,0.0,0.0,0.0,0.0,0.0,0.0
2023-10-12 14:37:00,46,0.0,0.0,0.0,0.0,0.0,0.0,0.0,0.0,0.0,0.0
2023-10-12 14:38:00,29,0.0,0.0,0.0,0.0,0.0,0.0,0.0,0.0,0.0,0.0
