Dates,latitude,longitude,u10,v10,t2m,valid_time
2025-02-01 00:00:00+00:00,67.6,26.4,0.52842605,-1.3536177,266.11438,2025-02-01 00:00:00
2025-02-01 00:00:00+00:00,67.6,26.8,0.36287582,-1.0687056,264.91385,2025-02-01 00:00:00
2025-02-01 00:00:00+00:00,67.2,26.4,0.7778157,-1.1251554,266.15338,2025-02-01 00:00:00
2025-02-01 00:00:00+00:00,67.2,26.8,0.67431533,-0.8734083,264.8452,2025-02-01 00:00:00
2025-02-02 00:00:00+00:00,67.6,26.4,-3.1196404,-1.8384361,270.57745,2025-02-02 00:00:00
2025-02-02 00:00:00+00:00,67.6,26.8,-3.1874866,-1.8070107,270.51312,2025-02-02 00:00:00
2025-02-02 00:00:00+00:00,67.2,26.4,-3.0818577,-1.9647522,270.73346,2025-02-02 00:00:00
2025-02-02 00:00:00+00:00,67.2,26.8,-3.1151009,-1.9240189,270.7629,2025-02-02 00:00:00
2025-02-03 00:00:00+00:00,67.6,26.4,-2.9970684,-0.52418476,253.69405,2025-02-03 00:00:00
2025-02-03 00:00:00+00:00,67.6,26.8,-3.0323734,-0.5501781,254.1226,2025-02-03 00:00:00
2025-02-03 00:00:00+00:00,67.2,26.4,-3.1846828,-0.7629848,254.44533,2025-02-03 00:00:00
2025-02-03 00:00:00+00:00,67.2,26.8,-3.1954174,-0.7919918,254.72441,2025-02-03 00:00:00
2025-02-04 00:00:00+00:00,67.6,26.4,-1.7063828,-0.86438084,243.36273,2025-02-04 00:00:00
2025-02-04 00:00:00+00:00,67.6,26.8,-1.3002014,-1.0526361,243.05905,2025-02-04 00:00:00
2025-02-04 00:00:00+00:00,67.2,26.4,-1.7111511,-1.0137568,244.2384,2025-02-04 00:00:00
2025-02-04 00:00:00+00:00,67.2,26.8,-1.3142853,-1.2790613,243.91699,2025-02-04 00:00:00
2025-02-05 00:00:00+00:00,67.6,26.4,-1.5821943,5.27332,256.4219,2025-02-05 00:00:00
2025-02-05 00:00:00+00:00,67.6,26.8,-1.5116034,5.2460604,255.95282,2025-02-05 00:00:00
2025-02-05 00:00:00+00:00,67.2,26.4,-1.6054144,5.1125536,256.65982,2025-02-05 00:00:00
2025-02-05 00:00:00+00:00,67.2,26.8,-1.5599165,5.019536,256.26022,2025-02-05 00:00:00
2025-02-06 00:00:00+00:00,67.6,26.4,4.637779,1.034552,267.73892,2025-02-06 00:00:00
2025-02-06 00:00:00+00:00,67.6,26.8,4.6971817,0.974131,268.22522,2025-02-06 00:00:00
2025-02-06 00:00:00+00:00,67.2,26.4,4.4173203,1.0624889,267.9154,2025-02-06 00:00:00
2025-02-06 00:00:00+00:00,67.2,26.8,4.47657,1.050795,268.44543,2025-02-06 00:00:00
2025-02-07 00:00:00+00:00,67.6,26.4,4.3591747,4.0115337,275.851,2025-02-07 00:00:00
2025-02-07 00:00:00+00:00,67.6,26.8,4.1656933,4.101675,275.4262,2025-02-07 00:00:00
2025-02-07 00:00:00+00:00,67.2,26.4,3.8597164,4.4077206,274.60358,2025-02-07 00:00:00
2025-02-07 00:00:00+00:00,67.2,26.8,3.8956356,4.4511547,274.19818,2025-02-07 00:00:00
2025-02-08 00:00:00+00:00,67.6,26.4,2.2403574,2.8487616,270.9194,2025-02-08 00:00:00
2025-02-08 00:00:00+00:00,67.6,26.8,2.423768,2.7697668,270.96646,2025-02-08 00:00:00
2025-02-08 00:00:00+00:00,67.2,26.4,2.2651758,3.0829153,270.57288,2025-02-08 00:00:00
2025-02-08 00:00:00+00:00,67.2,26.8,2.5528803,2.961753,270.6139,2025-02-08 00:00:00
2025-02-09 00:00:00+00:00,67.6,26.4,3.1402626,4.2529917,269.18256,2025-02-09 00:00:00
2025-02-09 00:00:00+00:00,67.6,26.8,3.2602577,4.166505,269.27274,2025-02-09 00:00:00
2025-02-09 00:00:00+00:00,67.2,26.4,2.634159,3.8679514,269.46338,2025-02-09 00:00:00
2025-02-09 00:00:00+00:00,67.2,26.8,2.5689583,3.748536,269.5007,2025-02-09 00:00:00
2025-02-10 00:00:00+00:00,67.6,26.4,4.236515,1.018939,265.92896,2025-02-10 00:00:00
2025-02-10 00:00:00+00:00,67.6,26.8,4.2799263,1.1054258,265.78027,2025-02-10 00:00:00
2025-02-10 00:00:00+00:00,67.2,26.4,3.991352,1.5912809,265.66235,2025-02-10 00:00:00
2025-02-10 00:00:00+00:00,67.2,26.8,4.163273,1.6742582,265.70337,2025-02-10 00:00:00
2025-02-11 00:00:00+00:00,67.6,26.4,4.0714083,2.970521,268.9313,2025-02-11 00:00:00
2025-02-11 00:00:00+00:00,67.6,26.8,4.1364107,2.9160547,268.66498,2025-02-11 00:00:00
2025-02-11 00:00:00+00:00,67.2,26.4,3.9219446,2.8137789,268.02527,2025-02-11 00:00:00
2025-02-11 00:00:00+00:00,67.2,26.8,4.0610476,2.7458696,267.85623,2025-02-11 00:00:00
2025-02-12 00:00:00+00:00,67.6,26.4,4.4139986,-3.656375,273.1048,2025-02-12 00:00:00
2025-02-12 00:00:00+00:00,67.6,26.8,4.5365953,-3.7703772,273.03107,2025-02-12 00:00:00
2025-02-12 00:00:00+00:00,67.2,26.4,4.097142,-3.7510176,273.39496,2025-02-12 00:00:00
2025-02-12 00:00:00+00:00,67.2,26.8,4.240262,-3.8015585,273.39328,2025-02-12 00:00:00
2025-02-13 00:00:00+00:00,67.6,26.4,1.7361059,-3.413477,263.46356,2025-02-13 00:00:00
2025-02-13 00:00:00+00:00,67.6,26.8,1.8780584,-3.423975,263.55063,2025-02-13 00:00:00
2025-02-13 00:00:00+00:00,67.2,26.4,1.3598089,-3.4814548,262.83286,2025-02-13 00:00:00
2025-02-13 00:00:00+00:00,67.2,26.8,1.5856085,-3.4708061,262.9358,2025-02-13 00:00:00
2025-02-14 00:00:00+00:00,67.6,26.4,1.9635477,-2.4450674,261.21347,2025-02-14 00:00:00
2025-02-14 00:00:00+00:00,67.6,26.8,2.0158854,-2.3503675,261.03308,2025-02-14 00:00:00
2025-02-14 00:00:00+00:00,67.2,26.4,1.646882,-2.3053198,261.00635,2025-02-14 00:00:00
2025-02-14 00:00:00+00:00,67.2,26.8,1.7915812,-2.2822943,261.05884,2025-02-14 00:00:00
2025-02-15 00:00:00+00:00,67.6,26.4,-0.06123787,-4.5431004,263.39807,2025-02-15 00:00:00
2025-02-15 00:00:00+00:00,67.6,26.8,0.011573255,-4.586504,263.27902,2025-02-15 00:00:00
2025-02-15 00:00:00+00:00,67.2,26.4,-0.234963,-4.3869343,263.70377,2025-02-15 00:00:00
2025-02-15 00:00:00+00:00,67.2,26.8,-0.09626061,-4.350878,263.62753,2025-02-15 00:00:00
2025-02-16 00:00:00+00:00,67.6,26.4,0.64706993,-0.8474494,262.4608,2025-02-16 00:00:00
2025-02-16 00:00:00+00:00,67.6,26.8,0.820837,-0.68085396,262.09863,2025-02-16 00:00:00
2025-02-16 00:00:00+00:00,67.2,26.4,0.22795677,-0.6059028,261.78183,2025-02-16 00:00:00
2025-02-16 00:00:00+00:00,67.2,26.8,0.49880028,-0.41532815,261.2932,2025-02-16 00:00:00
2025-02-17 00:00:00+00:00,67.6,26.4,0.9247762,0.37387604,258.78943,2025-02-17 00:00:00
2025-02-17 00:00:00+00:00,67.6,26.8,1.0220052,0.38929123,257.9792,2025-02-17 00:00:00
2025-02-17 00:00:00+00:00,67.2,26.4,0.62443745,0.19865173,256.45374,2025-02-17 00:00:00
2025-02-17 00:00:00+00:00,67.2,26.8,0.7807256,0.1542334,255.75795,2025-02-17 00:00:00
2025-02-18 00:00:00+00:00,67.6,26.4,2.6108446,-4.6411295,267.29218,2025-02-18 00:00:00
2025-02-18 00:00:00+00:00,67.6,26.8,2.6437979,-4.642205,267.1282,2025-02-18 00:00:00
2025-02-18 00:00:00+00:00,67.2,26.4,2.648427,-4.5742884,267.34088,2025-02-18 00:00:00
2025-02-18 00:00:00+00:00,67.2,26.8,2.703452,-4.537526,267.29712,2025-02-18 00:00:00
2025-02-19 00:00:00+00:00,67.6,26.4,3.038249,-2.4624863,263.22113,2025-02-19 00:00:00
2025-02-19 00:00:00+00:00,67.6,26.8,3.0629072,-2.6382446,263.2297,2025-02-19 00:00:00
2025-02-19 00:00:00+00:00,67.2,26.4,2.9044065,-2.653679,262.82953,2025-02-19 00:00:00
2025-02-19 00:00:00+00:00,67.2,26.8,2.9858084,-2.7398453,262.8507,2025-02-19 00:00:00
2025-02-20 00:00:00+00:00,67.6,26.4,3.7536507,0.13023727,264.4084,2025-02-20 00:00:00
2025-02-20 00:00:00+00:00,67.6,26.8,3.7395735,0.05473678,264.24094,2025-02-20 00:00:00
2025-02-20 00:00:00+00:00,67.2,26.4,3.7461662,0.2644307,264.00153,2025-02-20 00:00:00
2025-02-20 00:00:00+00:00,67.2,26.8,3.7733898,0.33513993,263.8974,2025-02-20 00:00:00
2025-02-01 00:00:00+00:00,67.6,26.4,0.43665832,-2.3220043,265.37744,2025-02-01 02:00:00
2025-02-01 00:00:00+00:00,67.6,26.8,0.45692962,-2.1686153,264.41666,2025-02-01 02:00:00
2025-02-01 00:00:00+00:00,67.2,26.4,0.5130324,-2.0883312,265.91586,2025-02-01 02:00:00
2025-02-01 00:00:00+00:00,67.2,26.8,0.607099,-2.0149288,264.7089,2025-02-01 02:00:00
2025-02-02 00:00:00+00:00,67.6,26.4,-3.154356,-1.5371237,269.94873,2025-02-02 02:00:00
2025-02-02 00:00:00+00:00,67.6,26.8,-3.2033367,-1.590827,269.86966,2025-02-02 02:00:00
2025-02-02 00:00:00+00:00,67.2,26.4,-3.044241,-1.8437185,270.12524,2025-02-02 02:00:00
2025-02-02 00:00:00+00:00,67.2,26.8,-3.0356388,-1.823081,270.1443,2025-02-02 02:00:00
2025-02-03 00:00:00+00:00,67.6,26.4,-3.0128222,-0.6496792,252.77641,2025-02-03 02:00:00
2025-02-03 00:00:00+00:00,67.6,26.8,-2.980115,-0.7180157,253.14226,2025-02-03 02:00:00
2025-02-03 00:00:00+00:00,67.2,26.4,-3.2232294,-0.95441246,253.81361,2025-02-03 02:00:00
2025-02-03 00:00:00+00:00,67.2,26.8,-3.219945,-1.0870876,253.95772,2025-02-03 02:00:00
2025-02-04 00:00:00+00:00,67.6,26.4,-2.1901398,-0.6048323,242.44571,2025-02-04 02:00:00
2025-02-04 00:00:00+00:00,67.6,26.8,-1.8855438,-0.836949,242.24805,2025-02-04 02:00:00
2025-02-04 00:00:00+00:00,67.2,26.4,-2.1503983,-0.4909712,242.81577,2025-02-04 02:00:00
2025-02-04 00:00:00+00:00,67.2,26.8,-2.0018005,-0.88591444,242.3977,2025-02-04 02:00:00
2025-02-05 00:00:00+00:00,67.6,26.4,-1.289177,5.7517376,258.5716,2025-02-05 02:00:00
2025-02-05 00:00:00+00:00,67.6,26.8,-1.2899857,6.223341,258.1204,2025-02-05 02:00:00
2025-02-05 00:00:00+00:00,67.2,26.4,-1.4969635,6.0619946,258.90234,2025-02-05 02:00:00
2025-02-05 00:00:00+00:00,67.2,26.8,-1.5188713,6.4740276,258.5322,2025-02-05 02:00:00
2025-02-06 00:00:00+00:00,67.6,26.4,3.6618538,1.7431469,266.8363,2025-02-06 02:00:00
2025-02-06 00:00:00+00:00,67.6,26.8,3.6806908,1.5826778,266.9869,2025-02-06 02:00:00
2025-02-06 00:00:00+00:00,67.2,26.4,3.5556755,1.7169552,266.91034,2025-02-06 02:00:00
2025-02-06 00:00:00+00:00,67.2,26.8,3.6167145,1.6027622,267.09396,2025-02-06 02:00:00
2025-02-07 00:00:00+00:00,67.6,26.4,4.4136543,3.895978,276.19336,2025-02-07 02:00:00
2025-02-07 00:00:00+00:00,67.6,26.8,4.3203583,3.9018412,275.87344,2025-02-07 02:00:00
2025-02-07 00:00:00+00:00,67.2,26.4,4.199486,4.114217,275.0939,2025-02-07 02:00:00
2025-02-07 00:00:00+00:00,67.2,26.8,4.299713,4.0762987,274.82877,2025-02-07 02:00:00
2025-02-08 00:00:00+00:00,67.6,26.4,2.0435991,3.1481857,270.37103,2025-02-08 02:00:00
2025-02-08 00:00:00+00:00,67.6,26.8,2.2043123,3.0525665,270.42316,2025-02-08 02:00:00
2025-02-08 00:00:00+00:00,67.2,26.4,1.9992266,3.3047714,270.42972,2025-02-08 02:00:00
2025-02-08 00:00:00+00:00,67.2,26.8,2.2666903,3.236496,270.48123,2025-02-08 02:00:00
2025-02-09 00:00:00+00:00,67.6,26.4,3.4982347,4.387271,269.0535,2025-02-09 02:00:00
2025-02-09 00:00:00+00:00,67.6,26.8,3.639577,4.2957335,269.20444,2025-02-09 02:00:00
2025-02-09 00:00:00+00:00,67.2,26.4,2.7299547,3.7689543,269.28586,2025-02-09 02:00:00
2025-02-09 00:00:00+00:00,67.2,26.8,2.8217974,3.7874937,269.3787,2025-02-09 02:00:00
2025-02-10 00:00:00+00:00,67.6,26.4,4.1438885,-0.25180262,268.66232,2025-02-10 02:00:00
2025-02-10 00:00:00+00:00,67.6,26.8,4.157728,-0.18643397,268.42365,2025-02-10 02:00:00
2025-02-10 00:00:00+00:00,67.2,26.4,3.831297,-0.094644725,267.31335,2025-02-10 02:00:00
2025-02-10 00:00:00+00:00,67.2,26.8,3.9604473,0.0108392835,267.14673,2025-02-10 02:00:00
2025-02-11 00:00:00+00:00,67.6,26.4,4.3006506,2.071889,270.3919,2025-02-11 02:00:00
2025-02-11 00:00:00+00:00,67.6,26.8,4.3640127,2.0437155,270.09323,2025-02-11 02:00:00
2025-02-11 00:00:00+00:00,67.2,26.4,4.097495,2.0565443,269.38736,2025-02-11 02:00:00
2025-02-11 00:00:00+00:00,67.2,26.8,4.2253637,2.0032606,269.14124,2025-02-11 02:00:00
2025-02-12 00:00:00+00:00,67.6,26.4,4.8449345,-2.869833,271.3283,2025-02-12 02:00:00
2025-02-12 00:00:00+00:00,67.6,26.8,5.040308,-2.8875332,271.34186,2025-02-12 02:00:00
2025-02-12 00:00:00+00:00,67.2,26.4,4.1590977,-3.6208553,272.01965,2025-02-12 02:00:00
2025-02-12 00:00:00+00:00,67.2,26.8,4.324503,-3.7151089,272.0754,2025-02-12 02:00:00
2025-02-13 00:00:00+00:00,67.6,26.4,1.9460926,-3.132184,263.24548,2025-02-13 02:00:00
2025-02-13 00:00:00+00:00,67.6,26.8,2.0395222,-3.1631575,263.44495,2025-02-13 02:00:00
2025-02-13 00:00:00+00:00,67.2,26.4,1.5147572,-3.2506266,262.69788,2025-02-13 02:00:00
2025-02-13 00:00:00+00:00,67.2,26.8,1.7183552,-3.248498,262.8496,2025-02-13 02:00:00
2025-02-14 00:00:00+00:00,67.6,26.4,1.9828472,-2.5136118,261.3479,2025-02-14 02:00:00
2025-02-14 00:00:00+00:00,67.6,26.8,2.0374355,-2.4565344,261.13153,2025-02-14 02:00:00
2025-02-14 00:00:00+00:00,67.2,26.4,1.7379894,-2.425931,260.46146,2025-02-14 02:00:00
2025-02-14 00:00:00+00:00,67.2,26.8,1.8142376,-2.4041529,260.6257,2025-02-14 02:00:00
2025-02-15 00:00:00+00:00,67.6,26.4,0.39722878,-4.459696,262.2439,2025-02-15 02:00:00
2025-02-15 00:00:00+00:00,67.6,26.8,0.39441353,-4.5494576,262.27536,2025-02-15 02:00:00
2025-02-15 00:00:00+00:00,67.2,26.4,0.09278542,-4.472416,263.00812,2025-02-15 02:00:00
2025-02-15 00:00:00+00:00,67.2,26.8,0.17493874,-4.512085,263.0356,2025-02-15 02:00:00
2025-02-16 00:00:00+00:00,67.6,26.4,1.3110827,-1.1499891,262.586,2025-02-16 02:00:00
2025-02-16 00:00:00+00:00,67.6,26.8,1.4292163,-0.9605055,262.14377,2025-02-16 02:00:00
2025-02-16 00:00:00+00:00,67.2,26.4,0.86664,-0.6550703,261.61514,2025-02-16 02:00:00
2025-02-16 00:00:00+00:00,67.2,26.8,1.0863665,-0.5064039,261.15506,2025-02-16 02:00:00
2025-02-17 00:00:00+00:00,67.6,26.4,0.7093119,1.3211452,260.88818,2025-02-17 02:00:00
2025-02-17 00:00:00+00:00,67.6,26.8,0.6640124,1.3677913,260.16113,2025-02-17 02:00:00
2025-02-17 00:00:00+00:00,67.2,26.4,0.7054438,0.69022477,258.82983,2025-02-17 02:00:00
2025-02-17 00:00:00+00:00,67.2,26.8,0.90409416,0.5212184,258.17322,2025-02-17 02:00:00
2025-02-18 00:00:00+00:00,67.6,26.4,2.7179346,-4.652771,266.26367,2025-02-18 02:00:00
2025-02-18 00:00:00+00:00,67.6,26.8,2.9084024,-4.5803757,266.10065,2025-02-18 02:00:00
2025-02-18 00:00:00+00:00,67.2,26.4,2.4538507,-4.8504715,266.65176,2025-02-18 02:00:00
2025-02-18 00:00:00+00:00,67.2,26.8,2.6223383,-4.746216,266.53473,2025-02-18 02:00:00
2025-02-19 00:00:00+00:00,67.6,26.4,2.7879248,-1.6733484,262.28583,2025-02-19 02:00:00
2025-02-19 00:00:00+00:00,67.6,26.8,2.8180647,-1.8851099,262.40646,2025-02-19 02:00:00
2025-02-19 00:00:00+00:00,67.2,26.4,2.6986856,-1.8327188,262.03967,2025-02-19 02:00:00
2025-02-19 00:00:00+00:00,67.2,26.8,2.778926,-2.016488,262.20856,2025-02-19 02:00:00
2025-02-20 00:00:00+00:00,67.6,26.4,3.3415432,0.2881024,264.37518,2025-02-20 02:00:00
2025-02-20 00:00:00+00:00,67.6,26.8,3.336833,0.18038106,264.18756,2025-02-20 02:00:00
2025-02-20 00:00:00+00:00,67.2,26.4,3.282216,0.2982571,263.78186,2025-02-20 02:00:00
2025-02-20 00:00:00+00:00,67.2,26.8,3.3312101,0.30131269,263.7486,2025-02-20 02:00:00
2025-02-01 00:00:00+00:00,67.6,26.4,-0.21416175,-2.5049725,266.55884,2025-02-01 04:00:00
2025-02-01 00:00:00+00:00,67.6,26.8,-0.14392936,-2.454794,265.7641,2025-02-01 04:00:00
2025-02-01 00:00:00+00:00,67.2,26.4,-0.26267326,-2.2996426,266.7425,2025-02-01 04:00:00
2025-02-01 00:00:00+00:00,67.2,26.8,-0.06688774,-2.285986,265.6472,2025-02-01 04:00:00
2025-02-02 00:00:00+00:00,67.6,26.4,-3.5178366,-1.4139061,269.06293,2025-02-02 04:00:00
2025-02-02 00:00:00+00:00,67.6,26.8,-3.6904287,-1.4553413,268.9952,2025-02-02 04:00:00
2025-02-02 00:00:00+00:00,67.2,26.4,-3.4110403,-1.6975975,269.06622,2025-02-02 04:00:00
2025-02-02 00:00:00+00:00,67.2,26.8,-3.538642,-1.6951714,269.1063,2025-02-02 04:00:00
2025-02-03 00:00:00+00:00,67.6,26.4,-2.7816677,-0.47863007,252.87233,2025-02-03 04:00:00
2025-02-03 00:00:00+00:00,67.6,26.8,-2.777914,-0.50302887,253.27055,2025-02-03 04:00:00
2025-02-03 00:00:00+00:00,67.2,26.4,-3.0060368,-0.7605438,253.83177,2025-02-03 04:00:00
2025-02-03 00:00:00+00:00,67.2,26.8,-3.0010357,-0.8766098,253.95915,2025-02-03 04:00:00
2025-02-04 00:00:00+00:00,67.6,26.4,-0.9816961,0.08625066,242.07327,2025-02-04 04:00:00
2025-02-04 00:00:00+00:00,67.6,26.8,-1.1700888,0.036415458,242.10114,2025-02-04 04:00:00
2025-02-04 00:00:00+00:00,67.2,26.4,-0.8743582,0.002453208,241.94708,2025-02-04 04:00:00
2025-02-04 00:00:00+00:00,67.2,26.8,-0.9480963,-0.12298548,241.60144,2025-02-04 04:00:00
2025-02-05 00:00:00+00:00,67.6,26.4,-1.3968639,5.6851044,260.08005,2025-02-05 04:00:00
2025-02-05 00:00:00+00:00,67.6,26.8,-1.4070187,5.7591095,259.73663,2025-02-05 04:00:00
2025-02-05 00:00:00+00:00,67.2,26.4,-1.3303566,5.6291084,260.46533,2025-02-05 04:00:00
2025-02-05 00:00:00+00:00,67.2,26.8,-1.3080597,5.6161346,260.1635,2025-02-05 04:00:00
2025-02-06 00:00:00+00:00,67.6,26.4,3.6620445,2.1456118,266.6868,2025-02-06 04:00:00
2025-02-06 00:00:00+00:00,67.6,26.8,3.7639046,2.015355,266.6954,2025-02-06 04:00:00
2025-02-06 00:00:00+00:00,67.2,26.4,3.6680412,1.8613024,266.71274,2025-02-06 04:00:00
2025-02-06 00:00:00+00:00,67.2,26.8,3.8174438,1.7740755,266.758,2025-02-06 04:00:00
2025-02-07 00:00:00+00:00,67.6,26.4,4.740406,4.01828,276.10327,2025-02-07 04:00:00
2025-02-07 00:00:00+00:00,67.6,26.8,4.69709,3.967577,275.88425,2025-02-07 04:00:00
2025-02-07 00:00:00+00:00,67.2,26.4,4.6030197,4.045601,275.35718,2025-02-07 04:00:00
2025-02-07 00:00:00+00:00,67.2,26.8,4.705639,3.9698925,275.17834,2025-02-07 04:00:00
2025-02-08 00:00:00+00:00,67.6,26.4,1.7873449,3.202321,270.3087,2025-02-08 04:00:00
2025-02-08 00:00:00+00:00,67.6,26.8,1.9285345,3.1140451,270.45758,2025-02-08 04:00:00
2025-02-08 00:00:00+00:00,67.2,26.4,1.5516806,3.3236322,270.12213,2025-02-08 04:00:00
2025-02-08 00:00:00+00:00,67.2,26.8,1.7392416,3.1934366,270.26987,2025-02-08 04:00:00
2025-02-09 00:00:00+00:00,67.6,26.4,3.3282518,4.007292,268.90295,2025-02-09 04:00:00
2025-02-09 00:00:00+00:00,67.6,26.8,3.3482256,3.8989239,268.99426,2025-02-09 04:00:00
2025-02-09 00:00:00+00:00,67.2,26.4,2.674611,3.7982044,269.15005,2025-02-09 04:00:00
2025-02-09 00:00:00+00:00,67.2,26.8,2.6988115,3.8211918,269.16336,2025-02-09 04:00:00
2025-02-10 00:00:00+00:00,67.6,26.4,4.2888393,-0.7220373,268.93646,2025-02-10 04:00:00
2025-02-10 00:00:00+00:00,67.6,26.8,4.370901,-0.7243109,268.88046,2025-02-10 04:00:00
2025-02-10 00:00:00+00:00,67.2,26.4,3.999525,-1.1516256,268.45987,2025-02-10 04:00:00
2025-02-10 00:00:00+00:00,67.2,26.8,4.1324368,-1.0570822,268.36655,2025-02-10 04:00:00
2025-02-11 00:00:00+00:00,67.6,26.4,4.378642,1.4467106,271.84094,2025-02-11 04:00:00
2025-02-11 00:00:00+00:00,67.6,26.8,4.3844404,1.4349766,271.43475,2025-02-11 04:00:00
2025-02-11 00:00:00+00:00,67.2,26.4,4.193557,1.7637424,270.61923,2025-02-11 04:00:00
2025-02-11 00:00:00+00:00,67.2,26.8,4.268821,1.7580128,270.35568,2025-02-11 04:00:00
2025-02-12 00:00:00+00:00,67.6,26.4,4.361766,-3.1101103,269.89215,2025-02-12 04:00:00
2025-02-12 00:00:00+00:00,67.6,26.8,4.5206785,-3.22301,269.96857,2025-02-12 04:00:00
2025-02-12 00:00:00+00:00,67.2,26.4,4.3089285,-2.9402494,270.2591,2025-02-12 04:00:00
2025-02-12 00:00:00+00:00,67.2,26.8,4.42784,-3.0808973,270.37946,2025-02-12 04:00:00
2025-02-13 00:00:00+00:00,67.6,26.4,1.8678312,-3.2720022,263.76572,2025-02-13 04:00:00
2025-02-13 00:00:00+00:00,67.6,26.8,1.8762922,-3.3649244,264.04703,2025-02-13 04:00:00
2025-02-13 00:00:00+00:00,67.2,26.4,1.7097273,-3.187747,262.72726,2025-02-13 04:00:00
2025-02-13 00:00:00+00:00,67.2,26.8,1.8222265,-3.2110472,262.9409,2025-02-13 04:00:00
2025-02-14 00:00:00+00:00,67.6,26.4,1.9647398,-2.35925,261.1939,2025-02-14 04:00:00
2025-02-14 00:00:00+00:00,67.6,26.8,1.9813261,-2.277339,260.95474,2025-02-14 04:00:00
2025-02-14 00:00:00+00:00,67.2,26.4,1.7671804,-2.2864866,260.07568,2025-02-14 04:00:00
2025-02-14 00:00:00+00:00,67.2,26.8,1.8354673,-2.2912817,260.20407,2025-02-14 04:00:00
2025-02-15 00:00:00+00:00,67.6,26.4,0.5404605,-4.109747,261.41275,2025-02-15 04:00:00
2025-02-15 00:00:00+00:00,67.6,26.8,0.47406954,-4.20545,261.5796,2025-02-15 04:00:00
2025-02-15 00:00:00+00:00,67.2,26.4,0.16232485,-4.3233166,262.07605,2025-02-15 04:00:00
2025-02-15 00:00:00+00:00,67.2,26.8,0.19996828,-4.4184933,262.26392,2025-02-15 04:00:00
2025-02-16 00:00:00+00:00,67.6,26.4,0.90915024,-1.4106941,263.4536,2025-02-16 04:00:00
2025-02-16 00:00:00+00:00,67.6,26.8,1.0310146,-1.2590828,263.03363,2025-02-16 04:00:00
2025-02-16 00:00:00+00:00,67.2,26.4,0.8132068,-1.0240974,262.17847,2025-02-16 04:00:00
2025-02-16 00:00:00+00:00,67.2,26.8,0.9505664,-0.9090309,261.78836,2025-02-16 04:00:00
2025-02-17 00:00:00+00:00,67.6,26.4,1.6230612,0.39346415,261.77783,2025-02-17 04:00:00
2025-02-17 00:00:00+00:00,67.6,26.8,1.7055655,0.792512,261.11584,2025-02-17 04:00:00
2025-02-17 00:00:00+00:00,67.2,26.4,1.1515036,0.9619151,259.4803,2025-02-17 04:00:00
2025-02-17 00:00:00+00:00,67.2,26.8,1.2615194,1.0285349,258.89044,2025-02-17 04:00:00
2025-02-18 00:00:00+00:00,67.6,26.4,2.506362,-5.454338,266.34055,2025-02-18 04:00:00
2025-02-18 00:00:00+00:00,67.6,26.8,2.4862127,-5.5588913,266.4346,2025-02-18 04:00:00
2025-02-18 00:00:00+00:00,67.2,26.4,2.7572088,-5.0697784,266.1914,2025-02-18 04:00:00
2025-02-18 00:00:00+00:00,67.2,26.8,2.8324118,-5.0748672,266.25598,2025-02-18 04:00:00
2025-02-19 00:00:00+00:00,67.6,26.4,2.8734589,-0.74151516,261.6379,2025-02-19 04:00:00
2025-02-19 00:00:00+00:00,67.6,26.8,2.837801,-0.9619131,261.68277,2025-02-19 04:00:00
2025-02-19 00:00:00+00:00,67.2,26.4,2.7759743,-0.8716955,261.20767,2025-02-19 04:00:00
2025-02-19 00:00:00+00:00,67.2,26.8,2.802351,-1.054038,261.4339,2025-02-19 04:00:00
2025-02-20 00:00:00+00:00,67.6,26.4,2.9909267,0.9416689,263.90445,2025-02-20 04:00:00
2025-02-20 00:00:00+00:00,67.6,26.8,3.0006409,0.7687182,263.71515,2025-02-20 04:00:00
2025-02-20 00:00:00+00:00,67.2,26.4,2.9541092,0.946155,263.27563,2025-02-20 04:00:00
2025-02-20 00:00:00+00:00,67.2,26.8,3.0414734,0.87185997,263.29688,2025-02-20 04:00:00
2025-02-01 00:00:00+00:00,67.6,26.4,0.100211725,-2.6961107,266.43103,2025-02-01 06:00:00
2025-02-01 00:00:00+00:00,67.6,26.8,0.18377267,-2.6615648,266.10455,2025-02-01 06:00:00
2025-02-01 00:00:00+00:00,67.2,26.4,0.037585843,-2.4398775,266.84387,2025-02-01 06:00:00
2025-02-01 00:00:00+00:00,67.2,26.8,0.2314335,-2.4475374,266.24854,2025-02-01 06:00:00
2025-02-02 00:00:00+00:00,67.6,26.4,-3.6026363,-1.0920134,268.23602,2025-02-02 06:00:00
2025-02-02 00:00:00+00:00,67.6,26.8,-3.7210522,-1.1519003,267.94147,2025-02-02 06:00:00
2025-02-02 00:00:00+00:00,67.2,26.4,-3.737112,-1.2446585,268.47504,2025-02-02 06:00:00
2025-02-02 00:00:00+00:00,67.2,26.8,-3.8149052,-1.2277441,268.23,2025-02-02 06:00:00
2025-02-03 00:00:00+00:00,67.6,26.4,-2.4392004,-0.46382076,252.0803,2025-02-03 06:00:00
2025-02-03 00:00:00+00:00,67.6,26.8,-2.3489141,-0.49392635,252.38239,2025-02-03 06:00:00
2025-02-03 00:00:00+00:00,67.2,26.4,-2.8083258,-0.7913049,252.82838,2025-02-03 06:00:00
2025-02-03 00:00:00+00:00,67.2,26.8,-2.751769,-0.903663,252.92961,2025-02-03 06:00:00
2025-02-04 00:00:00+00:00,67.6,26.4,-1.1490765,0.3423534,240.73431,2025-02-04 06:00:00
2025-02-04 00:00:00+00:00,67.6,26.8,-0.859045,0.30911213,241.03029,2025-02-04 06:00:00
2025-02-04 00:00:00+00:00,67.2,26.4,-1.2364864,0.34168965,240.89323,2025-02-04 06:00:00
2025-02-04 00:00:00+00:00,67.2,26.8,-0.9160824,0.16567189,240.55908,2025-02-04 06:00:00
2025-02-05 00:00:00+00:00,67.6,26.4,-1.6297874,5.6439724,261.36212,2025-02-05 06:00:00
2025-02-05 00:00:00+00:00,67.6,26.8,-1.6126976,5.6883297,261.00253,2025-02-05 06:00:00
2025-02-05 00:00:00+00:00,67.2,26.4,-1.5196114,5.7939663,261.77612,2025-02-05 06:00:00
2025-02-05 00:00:00+00:00,67.2,26.8,-1.4558601,5.73892,261.45648,2025-02-05 06:00:00
2025-02-06 00:00:00+00:00,67.6,26.4,3.5359583,1.9941444,266.50238,2025-02-06 06:00:00
2025-02-06 00:00:00+00:00,67.6,26.8,3.6181955,1.8320274,266.47864,2025-02-06 06:00:00
2025-02-06 00:00:00+00:00,67.2,26.4,3.5307245,1.8172646,266.4284,2025-02-06 06:00:00
2025-02-06 00:00:00+00:00,67.2,26.8,3.6580515,1.6905556,266.47592,2025-02-06 06:00:00
2025-02-07 00:00:00+00:00,67.6,26.4,4.7436876,3.9472275,276.04877,2025-02-07 06:00:00
2025-02-07 00:00:00+00:00,67.6,26.8,4.768655,3.8929138,275.93347,2025-02-07 06:00:00
2025-02-07 00:00:00+00:00,67.2,26.4,4.667657,3.7475967,275.5754,2025-02-07 06:00:00
2025-02-07 00:00:00+00:00,67.2,26.8,4.8078127,3.5719223,275.5055,2025-02-07 06:00:00
2025-02-08 00:00:00+00:00,67.6,26.4,1.6601076,3.465663,269.91513,2025-02-08 06:00:00
2025-02-08 00:00:00+00:00,67.6,26.8,1.8043413,3.3711424,270.0243,2025-02-08 06:00:00
2025-02-08 00:00:00+00:00,67.2,26.4,1.7193956,3.591525,269.69876,2025-02-08 06:00:00
2025-02-08 00:00:00+00:00,67.2,26.8,1.9354982,3.4486341,269.84204,2025-02-08 06:00:00
2025-02-09 00:00:00+00:00,67.6,26.4,3.180397,4.077899,269.14032,2025-02-09 06:00:00
2025-02-09 00:00:00+00:00,67.6,26.8,3.1544418,4.0133085,269.1145,2025-02-09 06:00:00
2025-02-09 00:00:00+00:00,67.2,26.4,2.44767,4.014804,269.1536,2025-02-09 06:00:00
2025-02-09 00:00:00+00:00,67.2,26.8,2.5361557,4.080945,269.0896,2025-02-09 06:00:00
2025-02-10 00:00:00+00:00,67.6,26.4,4.31277,-0.83641243,268.76797,2025-02-10 06:00:00
2025-02-10 00:00:00+00:00,67.6,26.8,4.452159,-0.99362373,268.88016,2025-02-10 06:00:00
2025-02-10 00:00:00+00:00,67.2,26.4,3.86407,-1.3861561,268.7868,2025-02-10 06:00:00
2025-02-10 00:00:00+00:00,67.2,26.8,4.0387983,-1.5033588,268.89413,2025-02-10 06:00:00
2025-02-11 00:00:00+00:00,67.6,26.4,4.239003,1.5007629,272.6386,2025-02-11 06:00:00
2025-02-11 00:00:00+00:00,67.6,26.8,4.279565,1.4537048,272.432,2025-02-11 06:00:00
2025-02-11 00:00:00+00:00,67.2,26.4,4.141507,1.8307114,271.36316,2025-02-11 06:00:00
2025-02-11 00:00:00+00:00,67.2,26.8,4.267476,1.7746811,271.20544,2025-02-11 06:00:00
2025-02-12 00:00:00+00:00,67.6,26.4,3.7047482,-3.0085115,268.8534,2025-02-12 06:00:00
2025-02-12 00:00:00+00:00,67.6,26.8,3.810255,-3.137208,269.01016,2025-02-12 06:00:00
2025-02-12 00:00:00+00:00,67.2,26.4,3.7429714,-3.1372004,268.92252,2025-02-12 06:00:00
2025-02-12 00:00:00+00:00,67.2,26.8,3.8500538,-3.1872568,269.07306,2025-02-12 06:00:00
2025-02-13 00:00:00+00:00,67.6,26.4,1.4011307,-3.5557747,264.9416,2025-02-13 06:00:00
2025-02-13 00:00:00+00:00,67.6,26.8,1.3297958,-3.6824532,265.33832,2025-02-13 06:00:00
2025-02-13 00:00:00+00:00,67.2,26.4,1.458641,-3.387371,263.2342,2025-02-13 06:00:00
2025-02-13 00:00:00+00:00,67.2,26.8,1.4695168,-3.442234,263.58722,2025-02-13 06:00:00
2025-02-14 00:00:00+00:00,67.6,26.4,1.7941751,-2.2477007,261.68732,2025-02-14 06:00:00
2025-02-14 00:00:00+00:00,67.6,26.8,1.7968073,-2.1470995,261.45697,2025-02-14 06:00:00
2025-02-14 00:00:00+00:00,67.2,26.4,1.7331343,-2.1525583,260.87787,2025-02-14 06:00:00
2025-02-14 00:00:00+00:00,67.2,26.8,1.7563219,-2.1393557,260.9708,2025-02-14 06:00:00
2025-02-15 00:00:00+00:00,67.6,26.4,0.7884957,-3.6516762,260.73468,2025-02-15 06:00:00
2025-02-15 00:00:00+00:00,67.6,26.8,0.72927636,-3.733326,260.90283,2025-02-15 06:00:00
2025-02-15 00:00:00+00:00,67.2,26.4,0.30373925,-3.8866234,261.09918,2025-02-15 06:00:00
2025-02-15 00:00:00+00:00,67.2,26.8,0.34144372,-3.958187,261.31842,2025-02-15 06:00:00
2025-02-16 00:00:00+00:00,67.6,26.4,0.80452496,-1.4275961,263.81018,2025-02-16 06:00:00
2025-02-16 00:00:00+00:00,67.6,26.8,0.9369255,-1.2717581,263.48047,2025-02-16 06:00:00
2025-02-16 00:00:00+00:00,67.2,26.4,0.72914654,-0.95741177,262.71887,2025-02-16 06:00:00
2025-02-16 00:00:00+00:00,67.2,26.8,0.8293739,-0.8504782,262.46463,2025-02-16 06:00:00
2025-02-17 00:00:00+00:00,67.6,26.4,1.4059124,-1.5022831,263.5487,2025-02-17 06:00:00
2025-02-17 00:00:00+00:00,67.6,26.8,1.5041485,-1.0331059,262.74353,2025-02-17 06:00:00
2025-02-17 00:00:00+00:00,67.2,26.4,1.4653168,0.3459835,260.35168,2025-02-17 06:00:00
2025-02-17 00:00:00+00:00,67.2,26.8,1.4552231,1.0188351,259.48254,2025-02-17 06:00:00
2025-02-18 00:00:00+00:00,67.6,26.4,1.3108749,-5.3787355,265.8268,2025-02-18 06:00:00
2025-02-18 00:00:00+00:00,67.6,26.8,1.2139282,-5.4674654,265.95636,2025-02-18 06:00:00
2025-02-18 00:00:00+00:00,67.2,26.4,1.6079941,-5.331464,265.99075,2025-02-18 06:00:00
2025-02-18 00:00:00+00:00,67.2,26.8,1.5763474,-5.372987,266.18958,2025-02-18 06:00:00
2025-02-19 00:00:00+00:00,67.6,26.4,2.7537584,0.0012794733,262.77493,2025-02-19 06:00:00
2025-02-19 00:00:00+00:00,67.6,26.8,2.8553514,-0.2243675,262.27167,2025-02-19 06:00:00
2025-02-19 00:00:00+00:00,67.2,26.4,2.7109957,-0.26160657,261.98315,2025-02-19 06:00:00
2025-02-19 00:00:00+00:00,67.2,26.8,2.8386545,-0.46397626,261.66763,2025-02-19 06:00:00
2025-02-20 00:00:00+00:00,67.6,26.4,2.8733826,1.5811892,263.67432,2025-02-20 06:00:00
2025-02-20 00:00:00+00:00,67.6,26.8,2.9248734,1.4103518,263.38477,2025-02-20 06:00:00
2025-02-20 00:00:00+00:00,67.2,26.4,2.7454681,1.7489367,262.85687,2025-02-20 06:00:00
2025-02-20 00:00:00+00:00,67.2,26.8,2.9144516,1.5772676,262.8296,2025-02-20 06:00:00
2025-02-01 00:00:00+00:00,67.6,26.4,-0.020652305,-3.1493692,266.42325,2025-02-01 08:00:00
2025-02-01 00:00:00+00:00,67.6,26.8,-0.015805732,-3.119874,266.4532,2025-02-01 08:00:00
2025-02-01 00:00:00+00:00,67.2,26.4,-0.05480529,-2.929284,266.50226,2025-02-01 08:00:00
2025-02-01 00:00:00+00:00,67.2,26.8,0.024525154,-2.8968744,266.39542,2025-02-01 08:00:00
2025-02-02 00:00:00+00:00,67.6,26.4,-3.7611132,-0.65063,266.79205,2025-02-02 08:00:00
2025-02-02 00:00:00+00:00,67.6,26.8,-3.9333467,-0.66896343,266.365,2025-02-02 08:00:00
2025-02-02 00:00:00+00:00,67.2,26.4,-3.6481142,-1.0051985,266.99734,2025-02-02 08:00:00
2025-02-02 00:00:00+00:00,67.2,26.8,-3.614934,-1.0221739,266.59564,2025-02-02 08:00:00
2025-02-03 00:00:00+00:00,67.6,26.4,-2.4107084,-0.4883089,251.33977,2025-02-03 08:00:00
2025-02-03 00:00:00+00:00,67.6,26.8,-2.2398024,-0.51902485,251.67549,2025-02-03 08:00:00
2025-02-03 00:00:00+00:00,67.2,26.4,-2.6458235,-0.78758717,252.47032,2025-02-03 08:00:00
2025-02-03 00:00:00+00:00,67.2,26.8,-2.606639,-0.93433094,252.66685,2025-02-03 08:00:00
2025-02-04 00:00:00+00:00,67.6,26.4,-1.0880957,1.5232649,240.18033,2025-02-04 08:00:00
2025-02-04 00:00:00+00:00,67.6,26.8,-0.87564754,1.4147139,240.29738,2025-02-04 08:00:00
2025-02-04 00:00:00+00:00,67.2,26.4,-0.9548254,1.3449507,241.10847,2025-02-04 08:00:00
2025-02-04 00:00:00+00:00,67.2,26.8,-0.82760525,1.1952238,240.54536,2025-02-04 08:00:00
2025-02-05 00:00:00+00:00,67.6,26.4,-1.4281979,5.711032,262.66248,2025-02-05 08:00:00
2025-02-05 00:00:00+00:00,67.6,26.8,-1.399147,5.750945,262.3215,2025-02-05 08:00:00
2025-02-05 00:00:00+00:00,67.2,26.4,-1.3804035,5.7402163,262.8847,2025-02-05 08:00:00
2025-02-05 00:00:00+00:00,67.2,26.8,-1.3081627,5.6988316,262.57416,2025-02-05 08:00:00
2025-02-06 00:00:00+00:00,67.6,26.4,2.8809328,2.6454363,266.6134,2025-02-06 08:00:00
2025-02-06 00:00:00+00:00,67.6,26.8,2.9636126,2.4565554,266.53244,2025-02-06 08:00:00
2025-02-06 00:00:00+00:00,67.2,26.4,2.7964144,2.446721,266.393,2025-02-06 08:00:00
2025-02-06 00:00:00+00:00,67.2,26.8,2.9539766,2.2949648,266.4167,2025-02-06 08:00:00
2025-02-07 00:00:00+00:00,67.6,26.4,4.7030554,3.9504442,275.69037,2025-02-07 08:00:00
2025-02-07 00:00:00+00:00,67.6,26.8,4.736415,3.8777285,275.6959,2025-02-07 08:00:00
2025-02-07 00:00:00+00:00,67.2,26.4,4.646735,3.7005205,275.61502,2025-02-07 08:00:00
2025-02-07 00:00:00+00:00,67.2,26.8,4.803256,3.4971285,275.65308,2025-02-07 08:00:00
2025-02-08 00:00:00+00:00,67.6,26.4,1.3489523,3.4393253,269.40402,2025-02-08 08:00:00
2025-02-08 00:00:00+00:00,67.6,26.8,1.4372091,3.3459187,269.48856,2025-02-08 08:00:00
2025-02-08 00:00:00+00:00,67.2,26.4,1.6560507,3.6019993,269.2724,2025-02-08 08:00:00
2025-02-08 00:00:00+00:00,67.2,26.8,1.9871969,3.5759525,269.4215,2025-02-08 08:00:00
2025-02-09 00:00:00+00:00,67.6,26.4,3.3662777,3.9968214,269.51105,2025-02-09 08:00:00
2025-02-09 00:00:00+00:00,67.6,26.8,3.377798,3.952569,269.43298,2025-02-09 08:00:00
2025-02-09 00:00:00+00:00,67.2,26.4,2.728384,4.047696,269.3058,2025-02-09 08:00:00
2025-02-09 00:00:00+00:00,67.2,26.8,2.7179165,4.007676,269.19235,2025-02-09 08:00:00
2025-02-10 00:00:00+00:00,67.6,26.4,4.47073,-1.0391006,268.9551,2025-02-10 08:00:00
2025-02-10 00:00:00+00:00,67.6,26.8,4.552517,-1.2893143,269.0813,2025-02-10 08:00:00
2025-02-10 00:00:00+00:00,67.2,26.4,4.03529,-1.5326004,269.0857,2025-02-10 08:00:00
2025-02-10 00:00:00+00:00,67.2,26.8,4.159252,-1.6843643,269.285,2025-02-10 08:00:00
2025-02-11 00:00:00+00:00,67.6,26.4,4.181797,1.7862263,272.76984,2025-02-11 08:00:00
2025-02-11 00:00:00+00:00,67.6,26.8,4.1943035,1.7339535,272.7227,2025-02-11 08:00:00
2025-02-11 00:00:00+00:00,67.2,26.4,4.1904144,1.9149265,271.98328,2025-02-11 08:00:00
2025-02-11 00:00:00+00:00,67.2,26.8,4.304348,1.8489132,271.93848,2025-02-11 08:00:00
2025-02-12 00:00:00+00:00,67.6,26.4,3.3693886,-3.2853823,268.62054,2025-02-12 08:00:00
2025-02-12 00:00:00+00:00,67.6,26.8,3.4567184,-3.383336,268.72,2025-02-12 08:00:00
2025-02-12 00:00:00+00:00,67.2,26.4,3.2504158,-3.4926424,268.57263,2025-02-12 08:00:00
2025-02-12 00:00:00+00:00,67.2,26.8,3.3747826,-3.5272455,268.72226,2025-02-12 08:00:00
2025-02-13 00:00:00+00:00,67.6,26.4,0.8177637,-3.576641,266.4082,2025-02-13 08:00:00
2025-02-13 00:00:00+00:00,67.6,26.8,0.77708185,-3.6845207,266.6346,2025-02-13 08:00:00
2025-02-13 00:00:00+00:00,67.2,26.4,0.895635,-3.4979095,265.08276,2025-02-13 08:00:00
2025-02-13 00:00:00+00:00,67.2,26.8,0.85759485,-3.6185646,265.51855,2025-02-13 08:00:00
2025-02-14 00:00:00+00:00,67.6,26.4,1.3698158,-2.3517122,262.44543,2025-02-14 08:00:00
2025-02-14 00:00:00+00:00,67.6,26.8,1.3999405,-2.2297525,262.39212,2025-02-14 08:00:00
2025-02-14 00:00:00+00:00,67.2,26.4,1.4667549,-2.1903467,261.88727,2025-02-14 08:00:00
2025-02-14 00:00:00+00:00,67.2,26.8,1.4940052,-2.1158,261.97046,2025-02-14 08:00:00
2025-02-15 00:00:00+00:00,67.6,26.4,0.9546039,-2.766427,261.16815,2025-02-15 08:00:00
2025-02-15 00:00:00+00:00,67.6,26.8,0.8562381,-2.863801,261.2789,2025-02-15 08:00:00
2025-02-15 00:00:00+00:00,67.2,26.4,0.47666812,-3.1397715,261.16632,2025-02-15 08:00:00
2025-02-15 00:00:00+00:00,67.2,26.8,0.49632144,-3.2239542,261.32935,2025-02-15 08:00:00
2025-02-16 00:00:00+00:00,67.6,26.4,0.89943296,-1.28582,264.76007,2025-02-16 08:00:00
2025-02-16 00:00:00+00:00,67.6,26.8,0.9737337,-1.1760483,264.56628,2025-02-16 08:00:00
2025-02-16 00:00:00+00:00,67.2,26.4,0.8871859,-0.63440704,263.89594,2025-02-16 08:00:00
2025-02-16 00:00:00+00:00,67.2,26.8,0.93672925,-0.49982452,263.7438,2025-02-16 08:00:00
2025-02-17 00:00:00+00:00,67.6,26.4,1.0871019,-2.3713036,266.10364,2025-02-17 08:00:00
2025-02-17 00:00:00+00:00,67.6,26.8,1.1615419,-1.9975548,265.48462,2025-02-17 08:00:00
2025-02-17 00:00:00+00:00,67.2,26.4,1.1948595,-1.010067,263.18585,2025-02-17 08:00:00
2025-02-17 00:00:00+00:00,67.2,26.8,1.3419085,-0.51745224,262.26318,2025-02-17 08:00:00
2025-02-18 00:00:00+00:00,67.6,26.4,1.3907433,-4.516638,265.79205,2025-02-18 08:00:00
2025-02-18 00:00:00+00:00,67.6,26.8,1.3266602,-4.568327,265.8675,2025-02-18 08:00:00
2025-02-18 00:00:00+00:00,67.2,26.4,1.205616,-4.720892,265.9116,2025-02-18 08:00:00
2025-02-18 00:00:00+00:00,67.2,26.8,1.1866646,-4.773962,266.0475,2025-02-18 08:00:00
2025-02-19 00:00:00+00:00,67.6,26.4,2.9149446,0.5608857,264.4001,2025-02-19 08:00:00
2025-02-19 00:00:00+00:00,67.6,26.8,2.8882933,0.46895534,264.00336,2025-02-19 08:00:00
2025-02-19 00:00:00+00:00,67.2,26.4,2.8431273,0.46821147,263.87238,2025-02-19 08:00:00
2025-02-19 00:00:00+00:00,67.2,26.8,2.8344355,0.36940318,263.54785,2025-02-19 08:00:00
2025-02-20 00:00:00+00:00,67.6,26.4,2.6932268,2.3121223,265.82245,2025-02-20 08:00:00
2025-02-20 00:00:00+00:00,67.6,26.8,2.7116747,2.1912727,265.40436,2025-02-20 08:00:00
2025-02-20 00:00:00+00:00,67.2,26.4,2.616334,2.6541862,264.5846,2025-02-20 08:00:00
2025-02-20 00:00:00+00:00,67.2,26.8,2.750554,2.5190773,264.4199,2025-02-20 08:00:00
2025-02-01 00:00:00+00:00,67.6,26.4,-0.42779273,-3.2836561,267.79926,2025-02-01 10:00:00
2025-02-01 00:00:00+00:00,67.6,26.8,-0.41194648,-3.2923002,267.9311,2025-02-01 10:00:00
2025-02-01 00:00:00+00:00,67.2,26.4,-0.36651343,-3.1449041,267.70322,2025-02-01 10:00:00
2025-02-01 00:00:00+00:00,67.2,26.8,-0.22610205,-3.1329756,267.86456,2025-02-01 10:00:00
2025-02-02 00:00:00+00:00,67.6,26.4,-3.8753748,-0.40700912,265.37277,2025-02-02 10:00:00
2025-02-02 00:00:00+00:00,67.6,26.8,-3.851655,-0.47105026,265.09763,2025-02-02 10:00:00
2025-02-02 00:00:00+00:00,67.2,26.4,-4.1086206,-1.0021629,265.3573,2025-02-02 10:00:00
2025-02-02 00:00:00+00:00,67.2,26.8,-4.036027,-0.9670372,265.0907,2025-02-02 10:00:00
2025-02-03 00:00:00+00:00,67.6,26.4,-2.4059315,-0.4564271,252.99959,2025-02-03 10:00:00
2025-02-03 00:00:00+00:00,67.6,26.8,-2.217165,-0.59605265,253.19609,2025-02-03 10:00:00
2025-02-03 00:00:00+00:00,67.2,26.4,-2.5483646,-0.71936655,254.41313,2025-02-03 10:00:00
2025-02-03 00:00:00+00:00,67.2,26.8,-2.4271336,-0.8740449,254.68938,2025-02-03 10:00:00
2025-02-04 00:00:00+00:00,67.6,26.4,-0.5712665,2.0030088,244.5989,2025-02-04 10:00:00
2025-02-04 00:00:00+00:00,67.6,26.8,-0.6655429,1.881259,244.28839,2025-02-04 10:00:00
2025-02-04 00:00:00+00:00,67.2,26.4,-0.3917697,1.8375349,245.98538,2025-02-04 10:00:00
2025-02-04 00:00:00+00:00,67.2,26.8,-0.44607574,1.7251997,245.24918,2025-02-04 10:00:00
2025-02-05 00:00:00+00:00,67.6,26.4,-1.350626,5.599248,264.01025,2025-02-05 10:00:00
2025-02-05 00:00:00+00:00,67.6,26.8,-1.3567066,5.604371,263.59647,2025-02-05 10:00:00
2025-02-05 00:00:00+00:00,67.2,26.4,-1.2664604,5.7489176,264.4258,2025-02-05 10:00:00
2025-02-05 00:00:00+00:00,67.2,26.8,-1.2364521,5.630639,264.00085,2025-02-05 10:00:00
2025-02-06 00:00:00+00:00,67.6,26.4,2.5332394,3.492134,268.24933,2025-02-06 10:00:00
2025-02-06 00:00:00+00:00,67.6,26.8,2.5249844,3.370346,268.0233,2025-02-06 10:00:00
2025-02-06 00:00:00+00:00,67.2,26.4,2.2810726,3.3887138,267.99557,2025-02-06 10:00:00
2025-02-06 00:00:00+00:00,67.2,26.8,2.2701168,3.2751656,267.87604,2025-02-06 10:00:00
2025-02-07 00:00:00+00:00,67.6,26.4,4.746578,3.5508547,275.95862,2025-02-07 10:00:00
2025-02-07 00:00:00+00:00,67.6,26.8,4.8133316,3.406705,275.9943,2025-02-07 10:00:00
2025-02-07 00:00:00+00:00,67.2,26.4,4.640854,3.114316,276.0346,2025-02-07 10:00:00
2025-02-07 00:00:00+00:00,67.2,26.8,4.755768,2.9055452,276.12146,2025-02-07 10:00:00
2025-02-08 00:00:00+00:00,67.6,26.4,1.4393997,3.7950573,269.1595,2025-02-08 10:00:00
2025-02-08 00:00:00+00:00,67.6,26.8,1.5476608,3.6556911,269.2931,2025-02-08 10:00:00
2025-02-08 00:00:00+00:00,67.2,26.4,1.746254,4.078718,269.14203,2025-02-08 10:00:00
2025-02-08 00:00:00+00:00,67.2,26.8,1.9724197,3.9520779,269.3638,2025-02-08 10:00:00
2025-02-09 00:00:00+00:00,67.6,26.4,2.4898987,3.6355972,269.78,2025-02-09 10:00:00
2025-02-09 00:00:00+00:00,67.6,26.8,1.9378357,3.447033,269.6874,2025-02-09 10:00:00
2025-02-09 00:00:00+00:00,67.2,26.4,1.7113342,3.4837952,269.46027,2025-02-09 10:00:00
2025-02-09 00:00:00+00:00,67.2,26.8,1.4696045,3.3981133,269.317,2025-02-09 10:00:00
2025-02-10 00:00:00+00:00,67.6,26.4,3.9804296,-1.2386446,270.43854,2025-02-10 10:00:00
2025-02-10 00:00:00+00:00,67.6,26.8,4.0740576,-1.5020876,270.41492,2025-02-10 10:00:00
2025-02-10 00:00:00+00:00,67.2,26.4,3.4899817,-1.6081667,270.58572,2025-02-10 10:00:00
2025-02-10 00:00:00+00:00,67.2,26.8,3.5890265,-1.7749758,270.6609,2025-02-10 10:00:00
2025-02-11 00:00:00+00:00,67.6,26.4,4.4936237,1.5992966,274.10825,2025-02-11 10:00:00
2025-02-11 00:00:00+00:00,67.6,26.8,4.5342712,1.5501595,274.00354,2025-02-11 10:00:00
2025-02-11 00:00:00+00:00,67.2,26.4,4.42474,1.5268917,273.8866,2025-02-11 10:00:00
2025-02-11 00:00:00+00:00,67.2,26.8,4.4633102,1.5141468,273.83142,2025-02-11 10:00:00
2025-02-12 00:00:00+00:00,67.6,26.4,2.7267303,-3.6732817,269.73386,2025-02-12 10:00:00
2025-02-12 00:00:00+00:00,67.6,26.8,2.848053,-3.7889738,269.68286,2025-02-12 10:00:00
2025-02-12 00:00:00+00:00,67.2,26.4,2.514389,-3.819785,269.7075,2025-02-12 10:00:00
2025-02-12 00:00:00+00:00,67.2,26.8,2.6735535,-3.8453856,269.7387,2025-02-12 10:00:00
2025-02-13 00:00:00+00:00,67.6,26.4,0.89587754,-2.8167038,267.57755,2025-02-13 10:00:00
2025-02-13 00:00:00+00:00,67.6,26.8,0.973087,-2.7741928,267.60123,2025-02-13 10:00:00
2025-02-13 00:00:00+00:00,67.2,26.4,0.20094651,-3.536003,267.10822,2025-02-13 10:00:00
2025-02-13 00:00:00+00:00,67.2,26.8,0.26135606,-3.567482,267.2381,2025-02-13 10:00:00
2025-02-14 00:00:00+00:00,67.6,26.4,0.4415877,-2.9823542,264.45316,2025-02-14 10:00:00
2025-02-14 00:00:00+00:00,67.6,26.8,0.47991586,-2.8098269,264.5687,2025-02-14 10:00:00
2025-02-14 00:00:00+00:00,67.2,26.4,0.47085786,-3.0462961,264.24646,2025-02-14 10:00:00
2025-02-14 00:00:00+00:00,67.2,26.8,0.49026132,-3.0467806,264.36255,2025-02-14 10:00:00
2025-02-15 00:00:00+00:00,67.6,26.4,1.6087191,-1.3501186,262.87823,2025-02-15 10:00:00
2025-02-15 00:00:00+00:00,67.6,26.8,1.5174563,-1.4461994,262.84772,2025-02-15 10:00:00
2025-02-15 00:00:00+00:00,67.2,26.4,0.98123187,-1.3114529,262.76605,2025-02-15 10:00:00
2025-02-15 00:00:00+00:00,67.2,26.8,0.9788973,-1.2965107,262.83194,2025-02-15 10:00:00
2025-02-16 00:00:00+00:00,67.6,26.4,0.7807045,-1.7138081,266.23782,2025-02-16 10:00:00
2025-02-16 00:00:00+00:00,67.6,26.8,0.8000603,-1.5569019,266.0263,2025-02-16 10:00:00
2025-02-16 00:00:00+00:00,67.2,26.4,0.7196884,-1.3329029,265.48972,2025-02-16 10:00:00
2025-02-16 00:00:00+00:00,67.2,26.8,0.74651146,-1.1391773,265.3463,2025-02-16 10:00:00
2025-02-17 00:00:00+00:00,67.6,26.4,1.3768139,-2.9911118,267.74637,2025-02-17 10:00:00
2025-02-17 00:00:00+00:00,67.6,26.8,1.4973736,-2.6429062,267.42355,2025-02-17 10:00:00
2025-02-17 00:00:00+00:00,67.2,26.4,1.2062893,-1.9764938,266.56213,2025-02-17 10:00:00
2025-02-17 00:00:00+00:00,67.2,26.8,1.3791332,-1.3991928,265.92737,2025-02-17 10:00:00
2025-02-18 00:00:00+00:00,67.6,26.4,1.9055691,-3.9786596,266.97223,2025-02-18 10:00:00
2025-02-18 00:00:00+00:00,67.6,26.8,1.88204,-3.9372625,266.96878,2025-02-18 10:00:00
2025-02-18 00:00:00+00:00,67.2,26.4,1.5641232,-3.4336767,267.00986,2025-02-18 10:00:00
2025-02-18 00:00:00+00:00,67.2,26.8,1.5669613,-3.227439,267.0812,2025-02-18 10:00:00
2025-02-19 00:00:00+00:00,67.6,26.4,2.7541027,0.73014617,267.4692,2025-02-19 10:00:00
2025-02-19 00:00:00+00:00,67.6,26.8,2.7578487,0.6512983,266.95654,2025-02-19 10:00:00
2025-02-19 00:00:00+00:00,67.2,26.4,2.6873798,0.7181604,267.10718,2025-02-19 10:00:00
2025-02-19 00:00:00+00:00,67.2,26.8,2.5936947,0.6495874,266.7213,2025-02-19 10:00:00
2025-02-20 00:00:00+00:00,67.6,26.4,2.168067,2.698392,267.8784,2025-02-20 10:00:00
2025-02-20 00:00:00+00:00,67.6,26.8,2.2899466,2.6115465,267.68002,2025-02-20 10:00:00
2025-02-20 00:00:00+00:00,67.2,26.4,2.1056776,2.703248,266.59644,2025-02-20 10:00:00
2025-02-20 00:00:00+00:00,67.2,26.8,2.2434492,2.521737,266.53427,2025-02-20 10:00:00
2025-02-01 00:00:00+00:00,67.6,26.4,-0.66411227,-3.384221,268.92795,2025-02-01 12:00:00
2025-02-01 00:00:00+00:00,67.6,26.8,-0.6942503,-3.388297,269.0217,2025-02-01 12:00:00
2025-02-01 00:00:00+00:00,67.2,26.4,-0.625889,-3.357379,268.7846,2025-02-01 12:00:00
2025-02-01 00:00:00+00:00,67.2,26.8,-0.58343714,-3.3142328,268.95163,2025-02-01 12:00:00
2025-02-02 00:00:00+00:00,67.6,26.4,-3.3140306,-0.84442997,264.52673,2025-02-02 12:00:00
2025-02-02 00:00:00+00:00,67.6,26.8,-3.1584368,-0.95478153,264.47946,2025-02-02 12:00:00
2025-02-02 00:00:00+00:00,67.2,26.4,-3.6440935,-1.328515,264.4531,2025-02-02 12:00:00
2025-02-02 00:00:00+00:00,67.2,26.8,-3.473569,-1.3487635,264.4165,2025-02-02 12:00:00
2025-02-03 00:00:00+00:00,67.6,26.4,-2.19565,-0.37410522,254.29257,2025-02-03 12:00:00
2025-02-03 00:00:00+00:00,67.6,26.8,-2.1003628,-0.53386474,254.4465,2025-02-03 12:00:00
2025-02-03 00:00:00+00:00,67.2,26.4,-2.321619,-0.63242126,255.5488,2025-02-03 12:00:00
2025-02-03 00:00:00+00:00,67.2,26.8,-2.1190853,-0.80014586,255.8035,2025-02-03 12:00:00
2025-02-04 00:00:00+00:00,67.6,26.4,-2.1909266,1.9404259,247.50648,2025-02-04 12:00:00
2025-02-04 00:00:00+00:00,67.6,26.8,-1.7825632,1.8713493,247.44307,2025-02-04 12:00:00
2025-02-04 00:00:00+00:00,67.2,26.4,-1.9545679,1.6814232,248.70128,2025-02-04 12:00:00
2025-02-04 00:00:00+00:00,67.2,26.8,-1.7799311,1.3819084,248.35542,2025-02-04 12:00:00
2025-02-05 00:00:00+00:00,67.6,26.4,-1.0270348,5.697172,265.94482,2025-02-05 12:00:00
2025-02-05 00:00:00+00:00,67.6,26.8,-1.1001549,5.668951,265.43744,2025-02-05 12:00:00
2025-02-05 00:00:00+00:00,67.2,26.4,-0.8655586,6.0756664,266.5105,2025-02-05 12:00:00
2025-02-05 00:00:00+00:00,67.2,26.8,-0.87709045,5.976942,266.03635,2025-02-05 12:00:00
2025-02-06 00:00:00+00:00,67.6,26.4,2.5248556,4.389449,269.76917,2025-02-06 12:00:00
2025-02-06 00:00:00+00:00,67.6,26.8,2.4268255,4.2870855,269.33795,2025-02-06 12:00:00
2025-02-06 00:00:00+00:00,67.2,26.4,2.4117842,4.227355,269.383,2025-02-06 12:00:00
2025-02-06 00:00:00+00:00,67.2,26.8,2.3921232,4.1495123,269.0899,2025-02-06 12:00:00
2025-02-07 00:00:00+00:00,67.6,26.4,4.5296125,3.193307,276.31018,2025-02-07 12:00:00
2025-02-07 00:00:00+00:00,67.6,26.8,4.568515,3.0252314,276.26422,2025-02-07 12:00:00
2025-02-07 00:00:00+00:00,67.2,26.4,4.3207655,2.4449549,276.38904,2025-02-07 12:00:00
2025-02-07 00:00:00+00:00,67.2,26.8,4.4033155,2.2791834,276.42487,2025-02-07 12:00:00
2025-02-08 00:00:00+00:00,67.6,26.4,1.4679747,4.0821724,268.93176,2025-02-08 12:00:00
2025-02-08 00:00:00+00:00,67.6,26.8,1.5625029,4.038067,269.03125,2025-02-08 12:00:00
2025-02-08 00:00:00+00:00,67.2,26.4,1.5982771,3.942337,269.1627,2025-02-08 12:00:00
2025-02-08 00:00:00+00:00,67.2,26.8,1.8591948,3.9970016,269.3539,2025-02-08 12:00:00
2025-02-09 00:00:00+00:00,67.6,26.4,3.5525217,3.5518112,269.7284,2025-02-09 12:00:00
2025-02-09 00:00:00+00:00,67.6,26.8,3.2626657,3.6274567,269.69858,2025-02-09 12:00:00
2025-02-09 00:00:00+00:00,67.2,26.4,2.648713,3.9626083,269.58273,2025-02-09 12:00:00
2025-02-09 00:00:00+00:00,67.2,26.8,2.163392,4.0066986,269.46765,2025-02-09 12:00:00
2025-02-10 00:00:00+00:00,67.6,26.4,3.4463797,-1.1696634,270.92874,2025-02-10 12:00:00
2025-02-10 00:00:00+00:00,67.6,26.8,3.4594412,-1.3714228,270.83502,2025-02-10 12:00:00
2025-02-10 00:00:00+00:00,67.2,26.4,2.963149,-1.1810846,270.9907,2025-02-10 12:00:00
2025-02-10 00:00:00+00:00,67.2,26.8,2.9526663,-1.3393183,270.98938,2025-02-10 12:00:00
2025-02-11 00:00:00+00:00,67.6,26.4,4.611472,1.5149908,275.24896,2025-02-11 12:00:00
2025-02-11 00:00:00+00:00,67.6,26.8,4.717555,1.4377146,275.13345,2025-02-11 12:00:00
2025-02-11 00:00:00+00:00,67.2,26.4,4.51567,1.5382318,275.24313,2025-02-11 12:00:00
2025-02-11 00:00:00+00:00,67.2,26.8,4.649501,1.4387331,275.19653,2025-02-11 12:00:00
2025-02-12 00:00:00+00:00,67.6,26.4,2.1488457,-3.6568203,269.73065,2025-02-12 12:00:00
2025-02-12 00:00:00+00:00,67.6,26.8,2.2086525,-3.7854443,269.65735,2025-02-12 12:00:00
2025-02-12 00:00:00+00:00,67.2,26.4,1.8670616,-3.6925144,269.869,2025-02-12 12:00:00
2025-02-12 00:00:00+00:00,67.2,26.8,1.9942589,-3.7653065,269.85913,2025-02-12 12:00:00
2025-02-13 00:00:00+00:00,67.6,26.4,0.80898374,-3.19975,267.8155,2025-02-13 12:00:00
2025-02-13 00:00:00+00:00,67.6,26.8,0.9406671,-3.2566538,267.82245,2025-02-13 12:00:00
2025-02-13 00:00:00+00:00,67.2,26.4,0.26850218,-3.2726545,267.51355,2025-02-13 12:00:00
2025-02-13 00:00:00+00:00,67.2,26.8,0.42302793,-3.3009443,267.59293,2025-02-13 12:00:00
2025-02-14 00:00:00+00:00,67.6,26.4,0.45541292,-2.4070816,265.2989,2025-02-14 12:00:00
2025-02-14 00:00:00+00:00,67.6,26.8,0.57844836,-2.2741013,265.3482,2025-02-14 12:00:00
2025-02-14 00:00:00+00:00,67.2,26.4,0.34459978,-2.5658417,265.0007,2025-02-14 12:00:00
2025-02-14 00:00:00+00:00,67.2,26.8,0.3682204,-2.6497345,265.10486,2025-02-14 12:00:00
2025-02-15 00:00:00+00:00,67.6,26.4,1.5218477,-0.44026905,263.72845,2025-02-15 12:00:00
2025-02-15 00:00:00+00:00,67.6,26.8,1.6248751,-0.49049336,263.5099,2025-02-15 12:00:00
2025-02-15 00:00:00+00:00,67.2,26.4,1.1893511,-0.8351131,263.4897,2025-02-15 12:00:00
2025-02-15 00:00:00+00:00,67.2,26.8,1.2070208,-0.8969112,263.43826,2025-02-15 12:00:00
2025-02-16 00:00:00+00:00,67.6,26.4,1.3658743,-1.1721773,266.96918,2025-02-16 12:00:00
2025-02-16 00:00:00+00:00,67.6,26.8,1.2593756,-0.95764637,266.69934,2025-02-16 12:00:00
2025-02-16 00:00:00+00:00,67.2,26.4,1.2516165,-0.8796053,266.31622,2025-02-16 12:00:00
2025-02-16 00:00:00+00:00,67.2,26.8,1.1686659,-0.6810198,266.13864,2025-02-16 12:00:00
2025-02-17 00:00:00+00:00,67.6,26.4,2.0974932,-3.3018637,268.18915,2025-02-17 12:00:00
2025-02-17 00:00:00+00:00,67.6,26.8,2.2778063,-2.9947042,268.03577,2025-02-17 12:00:00
2025-02-17 00:00:00+00:00,67.2,26.4,1.715703,-2.8624868,267.6935,2025-02-17 12:00:00
2025-02-17 00:00:00+00:00,67.2,26.8,1.7823381,-2.4132223,267.53442,2025-02-17 12:00:00
2025-02-18 00:00:00+00:00,67.6,26.4,2.4767733,-3.3863354,267.4676,2025-02-18 12:00:00
2025-02-18 00:00:00+00:00,67.6,26.8,2.3668222,-3.2629528,267.40622,2025-02-18 12:00:00
2025-02-18 00:00:00+00:00,67.2,26.4,2.3554049,-2.8028088,267.3842,2025-02-18 12:00:00
2025-02-18 00:00:00+00:00,67.2,26.8,2.2686892,-2.5804424,267.38004,2025-02-18 12:00:00
2025-02-19 00:00:00+00:00,67.6,26.4,2.2980928,0.9508421,269.23242,2025-02-19 12:00:00
2025-02-19 00:00:00+00:00,67.6,26.8,2.2948732,1.0574019,268.7298,2025-02-19 12:00:00
2025-02-19 00:00:00+00:00,67.2,26.4,1.817975,0.76183146,269.07446,2025-02-19 12:00:00
2025-02-19 00:00:00+00:00,67.2,26.8,1.7699099,0.7348234,268.75644,2025-02-19 12:00:00
2025-02-20 00:00:00+00:00,67.6,26.4,2.1529036,2.711584,269.02917,2025-02-20 12:00:00
2025-02-20 00:00:00+00:00,67.6,26.8,2.229846,2.657076,268.73035,2025-02-20 12:00:00
2025-02-20 00:00:00+00:00,67.2,26.4,1.9529448,2.7578182,268.10474,2025-02-20 12:00:00
2025-02-20 00:00:00+00:00,67.2,26.8,2.1025572,2.5499287,267.93628,2025-02-20 12:00:00
